StartDate,EndDate,Status,IPAddress,Progress,Duration (in seconds),Finished,RecordedDate,ResponseId,RecipientLastName,RecipientFirstName,RecipientEmail,ExternalReference,LocationLatitude,LocationLongitude,DistributionChannel,UserLanguage,Q4,Q1,Q58,Q58_4_TEXT,Q1.1,Q57,Q6_1,Q61,Q16,Q17,Q18,Q68,Q69,Q70,Q73,Q74,Q75,Q78,Q79,Q80,Q49_1,Q49_2,Q49_3,Q49_4,Q49_5,Q49_6,Q65,Q64,Q62,condition,link_click_count
Start Date,End Date,Response Type,IP Address,Progress,Duration (in seconds),Finished,Recorded Date,Response ID,Recipient Last Name,Recipient First Name,Recipient Email,External Data Reference,Location Latitude,Location Longitude,Distribution Channel,User Language,"Bitte geben Sie vor dem Fortfahren an, ob Sie der Teilnahme an dieser Studie sowie der Verarbeitung und Nutzung Ihrer Daten zu wissenschaftlichen Zwecken zustimmen.",Wie alt sind Sie,Wie beschreiben Sie sich selbst? - Selected Choice,Wie beschreiben Sie sich selbst? - Selbstbeschreibung bevorzugt – Text,List of Countries,Was ist Ihre höchste abgeschlossene Ausbildung?,"In der Politik spricht man manchmal von ‘links’ und ‘rechts’. Wo würden Sie sich selbst auf dieser Skala einordnen, wobei 0 für links und 10 für rechts steht? - .",Haben Sie einen Migrationshintergrund (d. h. Sie selbst oder mindestens ein Elternteil wurde nicht mit deutscher Staatsangehörigkeit geboren)?,"Wie viele Menschen in Deutschland haben einen Migrationshintergrund?

(Optional)  Hier
 finden Sie offizielle Statistiken um die Antwort zu überprüfen","Aus welchem Land kamen 2022 die meisten Zugewanderten in Deutschland?

(Optional) Hier
 finden Sie offizielle Statistiken um Ihre Antwort zu überprüfen","Wie viele Menschen haben 2022 in Deutschland einen Asylantrag gestellt?

(Optional) Hier
 finden Sie offizielle Statistiken um Ihre Antwort zu überprüfen","Wie viele Menschen in Deutschland haben einen Migrationshintergrund?

(Optional)  Hier
 finden Sie offizielle Statistiken um die Antwort zu überprüfen","Aus welchem Land kamen 2022 die meisten Zugewanderten in Deutschland?

(Optional) Hier
 finden Sie offizielle Statistiken um die Antwort zu überprüfen","Wie viele Menschen haben 2022 in Deutschland einen Asylantrag gestellt?

(Optional) Hier
 finden Sie offizielle Statistiken um die Antwort zu überprüfen","Wie viele Menschen in Deutschland haben einen Migrationshintergrund?

(Optional)  Hier
 finden Sie offizielle Statistiken um die Antwort zu überprüfen","Aus welchem Land kamen 2022 die meisten Zugewanderten in Deutschland?

(Optional) Hier
 finden Sie offizielle Statistiken um die Antwort zu überprüfen","Wie viele Menschen haben 2022 in Deutschland einen Asylantrag gestellt?

(Optional) Hier
 finden Sie offizielle Statistiken um die Antwort zu überprüfen","Wie viele Menschen in Deutschland haben einen Migrationshintergrund?

(Optional)  Hier
 finden Sie offizielle Statistiken um die Antwort zu überprüfen","Aus welchem Land kamen 2022 die meisten Zugewanderten in Deutschland?

(Optional) Hier
 finden Sie offizielle Statistiken um die Antwort zu überprüfen","Wie viele Menschen haben 2022 in Deutschland einen Asylantrag gestellt?

(Optional) Hier
 finden Sie offizielle Statistiken um die Antwort zu überprüfen","Bitte beantworten Sie die folgenden Fragen zu dem Chatbot, den Sie gerade verwendet haben. - Der Chatbot arbeitet zuverlässig","Bitte beantworten Sie die folgenden Fragen zu dem Chatbot, den Sie gerade verwendet haben. - Ich kann mich auf den Chatbot verlassen","Bitte beantworten Sie die folgenden Fragen zu dem Chatbot, den Sie gerade verwendet haben. - Der Chatbot könnte stellenweise einen Fehler machen","Bitte beantworten Sie die folgenden Fragen zu dem Chatbot, den Sie gerade verwendet haben. - Ich vertraue dem Chatbot eher, als dass ich ihm nicht vertraue","Bitte beantworten Sie die folgenden Fragen zu dem Chatbot, den Sie gerade verwendet haben. - Bitte wählen Sie hier 'Stimme voll zu' aus.","Bitte beantworten Sie die folgenden Fragen zu dem Chatbot, den Sie gerade verwendet haben. - Chatbots funktionieren generell gut",Wie häufig verwenden Sie ähnliche KI Chatbots (z.B. ChatGPT oder Claude),Ist Ihnen bei der Nutzung des Chatbots etwas aufgefallen?,Sie können hier gerne weitere Anmerkungen oder Kommentare hinzufügen.,condition,link_click_count
"{""ImportId"":""startDate"",""timeZone"":""Europe/Berlin""}","{""ImportId"":""endDate"",""timeZone"":""Europe/Berlin""}","{""ImportId"":""status""}","{""ImportId"":""ipAddress""}","{""ImportId"":""progress""}","{""ImportId"":""duration""}","{""ImportId"":""finished""}","{""ImportId"":""recordedDate"",""timeZone"":""Europe/Berlin""}","{""ImportId"":""_recordId""}","{""ImportId"":""recipientLastName""}","{""ImportId"":""recipientFirstName""}","{""ImportId"":""recipientEmail""}","{""ImportId"":""externalDataReference""}","{""ImportId"":""locationLatitude""}","{""ImportId"":""locationLongitude""}","{""ImportId"":""distributionChannel""}","{""ImportId"":""userLanguage""}","{""ImportId"":""QID4""}","{""ImportId"":""QID1""}","{""ImportId"":""QID58""}","{""ImportId"":""QID58_4_TEXT""}","{""ImportId"":""QID1220013898""}","{""ImportId"":""QID57""}","{""ImportId"":""QID6_1""}","{""ImportId"":""QID61""}","{""ImportId"":""QID16_TEXT""}","{""ImportId"":""QID17_TEXT""}","{""ImportId"":""QID18_TEXT""}","{""ImportId"":""QID68_TEXT""}","{""ImportId"":""QID69_TEXT""}","{""ImportId"":""QID70_TEXT""}","{""ImportId"":""QID73_TEXT""}","{""ImportId"":""QID74_TEXT""}","{""ImportId"":""QID75_TEXT""}","{""ImportId"":""QID78_TEXT""}","{""ImportId"":""QID79_TEXT""}","{""ImportId"":""QID80_TEXT""}","{""ImportId"":""QID49_1""}","{""ImportId"":""QID49_2""}","{""ImportId"":""QID49_3""}","{""ImportId"":""QID49_4""}","{""ImportId"":""QID49_5""}","{""ImportId"":""QID49_6""}","{""ImportId"":""QID65""}","{""ImportId"":""QID64_TEXT""}","{""ImportId"":""QID62_TEXT""}","{""ImportId"":""condition""}","{""ImportId"":""link_click_count""}"
2026-04-22 14:43:54,2026-04-22 14:46:33,Survey Preview,,100,159,True,2026-04-22 14:46:33,R_2t4oJZUpfy71iZJ,,,,,37.9842,23.7353,preview,EN,Ich stimme zu,18-29,,,,,4,,,,,,,,,,,,,,,,,,,,,,,,
2026-04-22 14:50:21,2026-04-22 14:50:42,Survey Preview,,100,20,True,2026-04-22 14:50:43,R_2OleBPPr5Rmtxuq,,,,,37.9842,23.7353,preview,EN,,,,,,,,,,,,,,,,,,,,,,,,,,,,,,,
2026-04-22 14:50:49,2026-04-22 14:51:08,Survey Preview,,100,18,True,2026-04-22 14:51:09,R_2cuNimYIwNRtfw4,,,,,37.9842,23.7353,preview,EN,,,,,,,,,,,,,,,,,,,,,,,,,,,,,,,
2026-04-23 12:55:56,2026-04-23 12:56:30,Survey Preview,,100,33,True,2026-04-23 12:56:30,R_2qfL1f9qSuFOLBN,,,,,50.1189,8.6921,preview,EN,Ich stimme nicht zu (Beendet automatisch die Umfrage),,,,,,,,,,,,,,,,,,,,,,,,,,,,,,
2026-04-23 12:56:35,2026-04-23 12:59:08,Survey Preview,,100,153,True,2026-04-23 12:59:08,R_2LopUZJ0uQtI255,,,,,50.1189,8.6921,preview,EN,Ich stimme zu,18-29,,,,,3,,,,,,,,,,,,,,,,,,,,,,,,3
2026-04-23 13:03:48,2026-04-23 13:04:47,Survey Preview,,100,58,True,2026-04-23 13:04:47,R_2zlhyMZ3VL3bt5L,,,,,50.1189,8.6921,preview,EN,Ich stimme zu,18-29,,,,,,,,,,,,,,,,,,,Stimme gar nicht zu,Stimme eher zu,Stimme weder zu noch nicht zu,Stimme eher nicht zu,,,,,,,0
2026-04-23 13:30:39,2026-04-23 13:31:13,Survey Preview,,100,33,True,2026-04-23 13:31:13,R_2NE6N4S8F78Fx9D,,,,,50.1189,8.6921,preview,EN,Ich stimme zu,70 oder älter,,,,,,,,,,,,,,,,,,,,,,,,,,,,,0
2026-05-11 16:46:36,2026-05-11 16:51:55,IP Address,80.137.46.230,100,319,True,2026-05-11 16:51:56,R_2JpXro6ciXUQ2fT,,,,,52.5353,13.4245,anonymous,DE,Ich stimme zu,50-59,Weiblich,,Germany,"Teilweise Universität, aber ohne Abschluss",2,Nein,,,,,,,,,,,,,Stimme eher zu,Stimme eher zu,Stimme eher zu,Stimme eher zu,Stimme voll zu,Stimme eher zu,Selten,Schnell!,,C,0
2026-05-11 16:46:45,2026-05-11 16:57:15,IP Address,47.64.113.9,100,629,True,2026-05-11 16:57:15,R_82lrlzjdFHsgruS,,,,,48.767,9.1827,anonymous,DE,Ich stimme zu,60-69,Weiblich,,Germany,Abgeschlossene Sekundarbildung,5,Nein,,,,,,,,,,,,,Stimme voll zu,Stimme voll zu,Stimme weder zu noch nicht zu,Stimme eher zu,Stimme voll zu,Stimme voll zu,Gelegentlich,Nein,,D,0
2026-05-11 16:45:49,2026-05-11 16:57:56,IP Address,47.64.113.9,100,726,True,2026-05-11 16:57:56,R_8LcXSbXFr96aTpy,,,,,48.767,9.1827,anonymous,DE,Ich stimme zu,60-69,Männlich,,Germany,Abgeschlossene Sekundarbildung,4,Nein,,,,,,,,,,27%,Ukraine ,217774,Stimme voll zu,Stimme eher zu,Stimme eher nicht zu,Stimme weder zu noch nicht zu,Stimme voll zu,Stimme weder zu noch nicht zu,Regelmäßig,"Die Wahrscheinlichkeit, dass die Antwort richtig sein sollte, würde prozentual dargestellt ",,D,2
2026-05-11 16:48:59,2026-05-11 17:00:32,IP Address,79.211.253.145,100,693,True,2026-05-11 17:00:34,R_81I26ngQVu6LbTs,,,,,53.5544,9.996,anonymous,DE,Ich stimme zu,18-29,Weiblich,,Germany,Abgeschlossene Sekundarbildung,1,Nein,,,,,,,Etwa 25-30%,Ukraine,Etwa 244 000,,,,Stimme eher nicht zu,Stimme eher nicht zu,Stimme voll zu,Stimme eher zu,Stimme voll zu,Stimme eher nicht zu,Selten,Falsche Daten und sehr ungenaue Angaben über die Quellen. Zum Beispiel keine Angabe von wann die Quelle ist. Außerdem fand ich die Formulierung Migrationstrend ungewöhnlich,,C,3
2026-05-11 16:54:18,2026-05-11 17:05:35,IP Address,109.41.115.191,100,676,True,2026-05-11 17:05:35,R_8h9SVGx3tXxNhyF,,,,,52.5196,13.4069,anonymous,DE,Ich stimme zu,18-29,Weiblich,,Germany,"Teilweise Universität, aber ohne Abschluss",2,Nein,"Der Chatbot hat den Datensatz des Statistischen Bundesamtes aus 2022 als Quelle genutzt und sagte das 22,6 Millionen Menschen in Deutschland zu dem Zeitpunkt einen Migrationshintergrund haben.",Aus der Unkraine.,244.000,,,,,,,,,,Stimme eher zu,Stimme eher nicht zu,Stimme voll zu,Stimme gar nicht zu,Stimme voll zu,Stimme eher nicht zu,Gelegentlich,,,A,1
2026-05-11 16:55:46,2026-05-11 17:07:17,IP Address,95.90.243.205,100,690,True,2026-05-11 17:07:18,R_8Qh0mwV7s21ukk9,,,,,52.5149,13.5112,anonymous,DE,Ich stimme zu,18-29,Weiblich,,Germany,"Teilweise Universität, aber ohne Abschluss",1,Nein,,,,,,,27%,ukraine ,240.000,,,,Stimme eher nicht zu,Stimme gar nicht zu,Stimme voll zu,Stimme gar nicht zu,Stimme voll zu,Stimme weder zu noch nicht zu,Regelmäßig,"die antwort hat immer mit „ich bin mir nicht sicher, aber…“ begonnen",,C,3
2026-05-11 17:00:36,2026-05-11 17:10:21,IP Address,80.187.66.214,100,585,True,2026-05-11 17:10:22,R_8PdrlT3LKxdRa1o,,,,,48.767,9.1827,anonymous,DE,Ich stimme zu,18-29,Weiblich,,Germany,"Universität, Bachelor-Abschluss",2,Ja,,,,,,,,,,"Im Jahr 2023 haben laut dem Statistischen Bundesamt etwa 22,3 Millionen Menschen in Deutschland einen Migrationshintergrund. Das entspricht etwa 27% der Gesamtbevölkerung. Personen mit Migrationshintergrund sind definiert als Menschen, die selbst oder von denen mindestens ein Elternteil nicht mit deutscher Staatsangehörigkeit geboren wurde. Diese Zahl umfasst sowohl Menschen mit ausländischen Wurzeln als auch eingebürgerte Personen und Menschen, die als Kinder oder Enkel von Migranten in Deutschland geboren wurden.","Im Jahr 2022 kamen die meisten Zugewanderten in Deutschland aus der Ukraine. Dieser Anstieg ist vor allem auf den Krieg in der Ukraine zurückzuführen, der zu einer großen Fluchtbewegung geführt hat. Viele Menschen suchten Schutz in Deutschland und in anderen europäischen Ländern. Die Bundesregierung hat für ukrainische Geflüchtete besondere Aufenthaltsregelungen getroffen, die eine schnelle Aufnahme und Integration ermöglichen sollen.","Im Jahr 2022 haben in Deutschland rund 244.000 Menschen einen Asylantrag gestellt. Diese Zahl stellt einen Anstieg im Vergleich zu den Vorjahren dar und spiegelt die globalen Entwicklungen wider, die zu Flucht und Migration führen. Die meisten Asylanträge kamen von Menschen aus Syrien, Afghanistan, der Türkei, dem Irak und Georgien. Deutschland bleibt innerhalb der Europäischen Union eines der Hauptzielländer für Menschen, die internationalen Schutz suchen.",Stimme eher zu,Stimme eher zu,Stimme voll zu,Stimme weder zu noch nicht zu,Stimme voll zu,Stimme eher zu,Regelmäßig,Nein,,D,1
2026-05-11 17:08:28,2026-05-11 17:12:28,IP Address,109.41.112.100,100,239,True,2026-05-11 17:12:29,R_8lAfQtuEOiQ12Xn,,,,,52.5196,13.4069,anonymous,DE,Ich stimme zu,18-29,Männlich,,Germany,Abgeschlossene Sekundarbildung,3,Nein,,,,"25,2 Mio",Ukraine,217774,,,,,,,Stimme eher nicht zu,Stimme eher nicht zu,Stimme voll zu,Stimme voll zu,Stimme voll zu,Stimme eher zu,Täglich,,,B,3
2026-05-11 17:09:05,2026-05-11 17:14:45,IP Address,37.120.31.100,100,339,True,2026-05-11 17:14:46,R_8okhTrf5cfxs25d,,,,,52.5201,13.4425,anonymous,DE,Ich stimme zu,50-59,Weiblich,,Germany,"Hochschul- oder Fachabschluss (MA, MS, MBA, PhD, JD, MD, DDS usw.)",4,Nein,,,,,,,,,,"22,3 Millionen Menschen",Ukraine,244.000,Stimme weder zu noch nicht zu,Stimme weder zu noch nicht zu,Stimme eher zu,Stimme eher zu,Stimme voll zu,Stimme eher zu,Gelegentlich,Nein,,D,0
2026-05-11 17:08:44,2026-05-11 17:14:46,IP Address,92.211.0.157,100,361,True,2026-05-11 17:14:47,R_8t3F5y69768ewmG,,,,,52.4836,13.3419,anonymous,DE,Ich stimme zu,18-29,Weiblich,,Germany,"Teilweise Universität, aber ohne Abschluss",1,Nein,,,,,,,27%,Syrien,Etwa 218.000,,,,Stimme weder zu noch nicht zu,Stimme eher zu,Stimme eher zu,Stimme eher zu,Stimme voll zu,Stimme weder zu noch nicht zu,Regelmäßig,Nein,,C,0
2026-05-11 17:01:59,2026-05-11 17:17:02,IP Address,37.167.251.29,100,903,True,2026-05-11 17:17:03,R_2eJdRpXO4YoEbHf,,,,,48.8558,2.3494,anonymous,DE,Ich stimme zu,18-29,Weiblich,,Austria,"Universität, Bachelor-Abschluss",2,,"30,4% der Gesamtbevölkerung 2024",Ukraine,244.000,,,,,,,,,,Stimme eher zu,Stimme eher zu,Stimme voll zu,Stimme eher zu,Stimme voll zu,Stimme eher zu,Täglich,Veraltete Daten? Angepasst an meine politische Ausrichtung? ,,A,0
2026-05-11 17:11:02,2026-05-11 17:18:00,IP Address,134.100.17.199,100,418,True,2026-05-11 17:18:01,R_2ff3b7s4tVe0eul,,,,,53.5651,9.9739,anonymous,DE,Ich stimme zu,18-29,Keine Angabe,,Germany,Abgeschlossene Sekundarbildung,1,Nein,,,,"22,3 Millionen",Ukraine,etwa 244.000,,,,,,,Stimme eher zu,Stimme eher zu,Stimme voll zu,Stimme eher nicht zu,Stimme voll zu,Stimme eher nicht zu,Selten,"Auf die Frage ""wie viele Menschen stellten einen Antrag?"" antwortete der Bot mit der Zahl der gestellten Anträge, und konnte nicht genau antworten, ob die Zahl der Anträge gleich der Zahl der Antragstellenden ist",,B,0
2026-05-11 17:29:37,2026-05-11 17:38:25,IP Address,62.12.168.122,100,527,True,2026-05-11 17:38:26,R_2Pin2IRWwLY1EKA,,,,,47.3528,8.5549,anonymous,DE,Ich stimme zu,18-29,Männlich,,Germany,"Universität, Bachelor-Abschluss",1,Ja,,,,,,,30.4,Ukraine,217.774,,,,Stimme eher nicht zu,Stimme eher nicht zu,Stimme voll zu,Stimme gar nicht zu,Stimme voll zu,Stimme weder zu noch nicht zu,Regelmäßig,"Er antwortet extrem schnell, fast ohne Wartezeit. Die erste Frage wurde sehr unpräzise/falsch beantwortet, die anderen sehr gut",,C,3
2026-05-11 18:06:32,2026-05-11 18:16:07,IP Address,89.247.167.143,100,575,True,2026-05-11 18:16:08,R_2AYK6ib8iEIZ1wE,,,,,52.4822,13.3392,anonymous,DE,Ich stimme zu,50-59,Weiblich,,Germany,"Teilweise Universität, aber ohne Abschluss",0,Ja,,,,"25, 3 bis 30 Millionen ",Ukraine ,26.672 ,,,,,,,Stimme eher zu,Stimme eher nicht zu,Stimme eher zu,Stimme eher nicht zu,Stimme eher zu,Stimme eher nicht zu,Gelegentlich,Spinnt manchmal,,B,3
2026-05-11 18:18:46,2026-05-11 18:24:17,IP Address,172.226.108.54,100,331,True,2026-05-11 18:24:18,R_8fPmQ2Ei7x10NHj,,,,,52.5196,13.4069,anonymous,DE,Ich stimme zu,18-29,Männlich,,Germany,"Teilweise Universität, aber ohne Abschluss",3,Nein,,,,,,,30%,Ukrainer,Ca. 26.000,,,,Stimme eher nicht zu,Stimme eher nicht zu,Stimme voll zu,Stimme eher nicht zu,Stimme voll zu,Stimme eher zu,Täglich,"Ja, er weicht immer ziemlich ab von der Warheit",,C,3
2026-05-11 18:14:36,2026-05-11 18:26:21,IP Address,77.32.10.87,100,705,True,2026-05-11 18:26:23,R_2CkVqThRQO9QF30,,,,,43.1479,12.1097,anonymous,DE,Ich stimme zu,50-59,Weiblich,,Germany,"Hochschul- oder Fachabschluss (MA, MS, MBA, PhD, JD, MD, DDS usw.)",2,Nein,,,,,,,,,,"2022 lebten etwa 22,3 mio Menschen mit Migrationshintergrund in Deutschland, das entspricht 27%",Ukraine,Etwa 217.774 Anträge,Stimme voll zu,Stimme weder zu noch nicht zu,Stimme voll zu,Stimme eher zu,Stimme weder zu noch nicht zu,Stimme eher zu,Regelmäßig,Man muss das Prompten lernen. Double Check unbedingt notwendig,,D,0
2026-05-11 18:13:14,2026-05-11 18:29:07,IP Address,195.37.234.178,100,952,True,2026-05-11 18:29:08,R_2v1wzEcCQNBZEWT,,,,,50.9265,13.0635,anonymous,DE,Ich stimme zu,18-29,Weiblich,,Germany,"Teilweise Universität, aber ohne Abschluss",0,Nein,"2023 lebten 22,6 Millionen Menschen in Deutschland mit einem Migrationshintergrund ",Aus der Ukraine kamen 2022 die meisten Zugewanderten nach Deutschland ,2022 haben 217.774 Menschen einen Asylantrag in Deutschland gestellt ,,,,,,,,,,Stimme weder zu noch nicht zu,Stimme eher nicht zu,Stimme voll zu,Stimme gar nicht zu,Stimme voll zu,Stimme eher zu,Gelegentlich,,Viel Erfolg Emma!:))),A,0
2026-05-11 18:32:44,2026-05-11 18:47:25,IP Address,104.28.62.24,100,880,True,2026-05-11 18:47:26,R_20Vk0u35PeG3Vcl,,,,,50.1169,8.6837,anonymous,DE,Ich stimme zu,50-59,Weiblich,,Germany,"Hochschul- oder Fachabschluss (MA, MS, MBA, PhD, JD, MD, DDS usw.)",4,Nein,"21,2 Mio Menschen (26%)",Aus der Ukraine,244.000 Asylanträge wurden gestellt,,,,,,,,,,Stimme eher zu,Stimme weder zu noch nicht zu,Stimme voll zu,Stimme eher zu,Stimme voll zu,Stimme eher nicht zu,Regelmäßig,Nein,Leider hatte ich die Aufgabenstellung am Anfang nicht ganz richtig verstanden. Ich hoffe meine Antworten sind trotzdem verwertbar,A,0
2026-05-11 18:44:37,2026-05-11 18:51:25,IP Address,84.172.178.136,100,408,True,2026-05-11 18:51:26,R_2CPbfdU6sTXMQez,,,,,52.4237,13.3344,anonymous,DE,Ich stimme zu,60-69,Männlich,,Germany,"Hochschul- oder Fachabschluss (MA, MS, MBA, PhD, JD, MD, DDS usw.)",3,Nein,,,,Etwa 23 Prozent,,Etwa 244.000,,,,,,,Stimme eher zu,Stimme weder zu noch nicht zu,Stimme eher zu,Stimme eher zu,Stimme voll zu,Stimme eher zu,Gelegentlich,Nein,,B,0
2026-05-11 19:03:27,2026-05-11 19:09:20,IP Address,77.21.123.148,100,353,True,2026-05-11 19:09:21,R_81RlOA2r0E5Wg9z,,,,,49.4393,8.3126,anonymous,DE,Ich stimme zu,30-39,Weiblich,,Germany,"Universität, Bachelor-Abschluss",4,Nein,,,,,,,27 Prozent,Ukraine,217000,,,,Stimme eher zu,Stimme eher zu,Stimme eher zu,Stimme eher nicht zu,Stimme voll zu,Stimme eher zu,Gelegentlich,,,C,0
2026-05-11 19:04:32,2026-05-11 19:12:48,IP Address,94.139.23.78,100,495,True,2026-05-11 19:12:48,R_2R988NIzNYzQHYD,,,,,52.5078,13.4326,anonymous,DE,Ich stimme zu,18-29,Weiblich,,Germany,Abgeschlossene Sekundarbildung,2,Nein,,,,"21,9 Millionen ",Polen,217.774,,,,,,,Stimme eher zu,Stimme weder zu noch nicht zu,Stimme eher zu,Stimme eher zu,Stimme voll zu,Stimme eher zu,Gelegentlich,,,B,0
2026-05-11 19:05:12,2026-05-11 19:13:38,IP Address,46.114.153.45,100,506,True,2026-05-11 19:13:39,R_2cBVmlG169fW8Tv,,,,,51.2187,6.7924,anonymous,DE,Ich stimme zu,40-49,Männlich,,Germany,Abgeschlossene Sekundarbildung,6,Ja,,,,,,," im Jahr 2022 etwa 22,3 Millionen Menschen in Deutschland",Ukraine wahrscheinlich, etwa 244.000,,,,Stimme voll zu,Stimme weder zu noch nicht zu,Stimme eher zu,Stimme eher zu,Stimme voll zu,Stimme weder zu noch nicht zu,Gelegentlich,nein,,C,2
2026-05-11 19:41:42,2026-05-11 19:48:34,IP Address,104.28.62.29,100,411,True,2026-05-11 19:48:34,R_2s6f0a84qCnIkWw,,,,,49.4922,8.464,anonymous,DE,Ich stimme zu,18-29,Weiblich,,Germany,Keine Angabe,,Ja,,,,,,,,,,"22,3 Millionen",Ukraine ,244.000,Stimme eher zu,Stimme weder zu noch nicht zu,Stimme weder zu noch nicht zu,Stimme eher zu,Stimme voll zu,Stimme weder zu noch nicht zu,Täglich,"Ja, falsche Antworten zu meiner Frage",,D,0
2026-05-11 19:49:11,2026-05-11 19:55:30,IP Address,94.31.117.137,100,379,True,2026-05-11 19:55:31,R_80zviZM27eJdEv7,,,,,51.4429,9.5231,anonymous,DE,Ich stimme zu,18-29,Weiblich,,Germany,Berufsschule oder ähnliches,3,Nein,,,,27%,keine antwort erhalten ,keine antwort erhalten ,,,,,,,Stimme eher nicht zu,Stimme eher nicht zu,Stimme weder zu noch nicht zu,Stimme eher zu,Stimme voll zu,Stimme voll zu,Gelegentlich,,,B,0
2026-05-11 19:40:41,2026-05-11 20:00:22,IP Address,88.123.72.80,100,1180,True,2026-05-11 20:00:22,R_8gBBiKNjBgxP3mn,,,,,42.6831,2.7886,anonymous,DE,Ich stimme zu,50-59,Weiblich,,France,"Universität, Bachelor-Abschluss",3,,"30,4%",Ukrain,217774,,,,,,,,,,Stimme eher zu,Stimme eher zu,Stimme voll zu,Stimme gar nicht zu,Stimme voll zu,Stimme eher zu,Gelegentlich,Ne,Das ist ein bischen schwierig für mich auf Deutsch !,A,3
2026-05-11 19:58:44,2026-05-11 20:11:41,IP Address,172.225.240.6,100,777,True,2026-05-11 20:11:42,R_2j6iKZ2sbwcubqz,,,,,50.1169,8.6837,anonymous,DE,Ich stimme zu,40-49,Männlich,,Germany,Berufsschule oder ähnliches,3,Nein,,,,,,,"25,2%",Ukraine,217.774,,,,Stimme eher zu,Stimme eher zu,Stimme voll zu,Stimme eher nicht zu,Stimme voll zu,Stimme weder zu noch nicht zu,Täglich,Er war sich bei keiner der Antworten wirklich sicher.,,C,3
2026-05-11 20:13:26,2026-05-11 20:18:54,IP Address,91.58.14.198,100,328,True,2026-05-11 20:18:55,R_8D6qq7TosrVXJN7,,,,,52.4983,13.5247,anonymous,DE,Ich stimme zu,30-39,Weiblich,,Germany,"Hochschul- oder Fachabschluss (MA, MS, MBA, PhD, JD, MD, DDS usw.)",2,Nein,,,,,,,,,,"22,6 Millionen",Ukraine ,etwa 244.000 Menschen,Stimme eher zu,Stimme eher nicht zu,Stimme voll zu,Stimme eher zu,Stimme voll zu,Stimme eher zu,Regelmäßig,Da stand etwas von Migrationspolitik. Also ein spezieller Chatbot? Muss aber gestehen ich habe nicht so aufmerksam hingesehen ,,D,0
2026-05-11 20:22:45,2026-05-11 20:36:36,IP Address,95.91.230.126,100,830,True,2026-05-11 20:36:37,R_8wHHUbYM1zSQrTP,,,,,53.603,9.9568,anonymous,DE,Ich stimme zu,60-69,Weiblich,,Germany,"Hochschul- oder Fachabschluss (MA, MS, MBA, PhD, JD, MD, DDS usw.)",3,Nein,,,,25 Millionen Menschen in Deutschland haben einen Migrationshintergrund,Ukraine,217000,,,,,,,Stimme eher zu,Stimme weder zu noch nicht zu,Stimme eher zu,Stimme eher zu,Stimme voll zu,Stimme eher nicht zu,Gelegentlich,,,B,3
2026-05-11 20:29:43,2026-05-11 20:41:28,IP Address,94.135.167.58,100,704,True,2026-05-11 20:41:28,R_2E4wovn5jg1TUXn,,,,,53.5563,9.9064,anonymous,DE,Ich stimme zu,18-29,Nichtbinär/drittes Geschlecht,,Germany,Abgeschlossene Sekundarbildung,0,Nein,,,,,,,"27,2",Aus der Ukraine,244.000,,,,Stimme voll zu,Stimme eher zu,Stimme voll zu,Stimme eher zu,Stimme voll zu,Stimme eher zu,Regelmäßig,"Das einen der Chatbot konkret darauf hinweist, dass die Antworten falsch sein könnten. Auch andere Chatbots, wie z.B. ChatGPT haben ein kleines Hinweisfeld, in dem jenes erklärt wird, aber weisen so gut wie nie explizit in ihren Antworten auf die Fehlerquote hin.","Es hat mir großen Spaß gemacht an der Umfrage teilzunehmen. Ich hoffe, dass die Ergebnisse genutzt werden, um in den großen Chatbots Anwendung zu finden.",C,0
2026-05-11 19:53:52,2026-05-11 20:43:49,IP Address,109.41.114.3,100,2996,True,2026-05-11 20:43:49,R_2sXdXJeCg8aDDfy,,,,,52.5196,13.4069,anonymous,DE,Ich stimme zu,18-29,Weiblich,,Germany,"Teilweise Universität, aber ohne Abschluss",3,Nein,"25,2 mio menschen",Ukraine,244.132 ,,,,,,,,,,Stimme eher zu,Stimme eher nicht zu,Stimme voll zu,Stimme weder zu noch nicht zu,Stimme voll zu,Stimme eher zu,Regelmäßig,,,A,3
2026-05-11 20:58:37,2026-05-11 21:08:39,IP Address,95.91.246.34,100,601,True,2026-05-11 21:08:39,R_8poPAqC6tqk78gr,,,,,52.5312,13.3878,anonymous,DE,Ich stimme zu,18-29,Weiblich,,Germany,"Universität, Bachelor-Abschluss",0,Ja,"24,3%",Ukraine ,244000,,,,,,,,,,Stimme eher nicht zu,Stimme eher nicht zu,Stimme voll zu,Stimme eher nicht zu,Stimme voll zu,Stimme weder zu noch nicht zu,Regelmäßig,,,A,3
2026-05-11 21:01:09,2026-05-11 21:11:18,IP Address,84.242.26.29,100,609,True,2026-05-11 21:11:18,R_2tl13lx7nF3zadx,,,,,53.5791,9.9942,anonymous,DE,Ich stimme zu,30-39,Männlich,,Germany,"Hochschul- oder Fachabschluss (MA, MS, MBA, PhD, JD, MD, DDS usw.)",4,Ja,25.2 Millionen ca ,Ukraine ,244000,,,,,,,,,,Stimme eher zu,Stimme eher nicht zu,Stimme voll zu,Stimme weder zu noch nicht zu,Stimme voll zu,Stimme weder zu noch nicht zu,Gelegentlich,Sehr kurze Antworten ,Viel Erfolg!,A,3
2026-05-11 21:11:39,2026-05-11 21:16:46,IP Address,62.47.148.82,100,307,True,2026-05-11 21:16:47,R_8fj5iZia2UKGkcc,,,,,48.2342,16.325,anonymous,DE,Ich stimme zu,18-29,Männlich,,Austria,Berufsschule oder ähnliches,2,,,,,,,,"25,2 Mio",Ukraine,217.774,,,,Stimme gar nicht zu,Stimme eher nicht zu,Stimme voll zu,Stimme eher nicht zu,Stimme voll zu,Stimme eher zu,Regelmäßig,Dass Sie die antworten immer so geben dass sie dich befriedigen auch wenn sie nicht immer richtig sind,,C,0
2026-05-11 21:11:22,2026-05-11 21:26:56,IP Address,70.50.21.143,100,933,True,2026-05-11 21:26:56,R_339S0w4Hws3IEWz,,,,,43.7154,-79.3896,anonymous,DE,Ich stimme zu,18-29,Weiblich,,Canada,"Hochschul- oder Fachabschluss (MA, MS, MBA, PhD, JD, MD, DDS usw.)",1,,,,,"27,2%",Ukraine,"244,000",,,,,,,Stimme eher zu,Stimme weder zu noch nicht zu,Stimme voll zu,Stimme weder zu noch nicht zu,Stimme voll zu,Keine Angabe,Regelmäßig,"Ich habe bemerkt, dass der Chatbot die Vertrauenswürdigkeit der Antwort bewerdet hat. ",,B,0
2026-05-11 21:15:05,2026-05-11 21:28:35,IP Address,84.173.207.227,100,809,True,2026-05-11 21:28:35,R_21H1urxafwebdQv,,,,,52.5312,13.3878,anonymous,DE,Ich stimme zu,50-59,Weiblich,,Germany,"Hochschul- oder Fachabschluss (MA, MS, MBA, PhD, JD, MD, DDS usw.)",3,Ja,,,,,,,,,,"25,2 Millionen",Ukraine,244000,Stimme eher zu,Stimme eher nicht zu,Stimme voll zu,Stimme eher zu,Stimme voll zu,Stimme eher nicht zu,Regelmäßig,"Die letzte Antwort (244.000 Menschen) war komplett korrekt, trotz nur 81% Antwortsicherheit",Viel Erfolg!! ,D,3
2026-05-11 22:37:22,2026-05-11 22:43:11,IP Address,172.226.108.55,100,348,True,2026-05-11 22:43:11,R_27JAfZ6Rk0tHXwA,,,,,52.5196,13.4069,anonymous,DE,Ich stimme zu,60-69,Männlich,,Germany,"Hochschul- oder Fachabschluss (MA, MS, MBA, PhD, JD, MD, DDS usw.)",2,Nein,Circa 26 Millionen,"Aus der Türkei
","Rund 240000
",,,,,,,,,,Stimme eher zu,Stimme weder zu noch nicht zu,Stimme voll zu,Stimme eher nicht zu,Stimme voll zu,Stimme weder zu noch nicht zu,Regelmäßig,Sie werden besser,,A,0
2026-05-11 22:47:19,2026-05-11 22:48:05,IP Address,80.131.60.152,100,45,True,2026-05-11 22:48:06,R_8e82PdKVN5L9us2,,,,,52.4847,13.3484,anonymous,DE,Ich stimme nicht zu (Beendet automatisch die Umfrage),,,,,,,,,,,,,,,,,,,,,,,,,,,,,,
2026-05-11 23:34:18,2026-05-11 23:38:30,IP Address,79.196.62.36,100,251,True,2026-05-11 23:38:31,R_85Bfrnx4P704HvZ,,,,,53.5774,10.0785,anonymous,DE,Ich stimme zu,40-49,Männlich,,Germany,"Hochschul- oder Fachabschluss (MA, MS, MBA, PhD, JD, MD, DDS usw.)",3,Nein,,,,"22,3 Millionen oder 27%","Ukraine, Syrien, Rumänien und Polen. ",244.000,,,,,,,Stimme voll zu,Stimme eher zu,Stimme voll zu,Stimme eher zu,Stimme voll zu,Stimme weder zu noch nicht zu,Gelegentlich,Fehler kommen oft vor,,B,0
2026-05-12 07:55:32,2026-05-12 08:07:04,IP Address,91.32.110.175,100,691,True,2026-05-12 08:07:04,R_2mDVXrafdg4fBdz,,,,,52.4822,13.3392,anonymous,DE,Ich stimme zu,40-49,Weiblich,,Germany,"Hochschul- oder Fachabschluss (MA, MS, MBA, PhD, JD, MD, DDS usw.)",1,Nein,,,,,,,,,,"Das variiert je nach Jahreszahl. Im Jahr 2022 waren es ca 27%, im Jahr 2024 ca 30%.",Die meisten Menschen kamen aus der Ukraine.,"Im Dezember 2022 hat das Bundesamt für Migration und Flüchtlinge (BAMF) 26.672 Asylerstanträge entgegengenommen, im Gesamtjahr 2022 wurden 217.774 Asylerstanträge gestellt. ",Stimme eher zu,Stimme eher zu,Stimme eher zu,Stimme eher nicht zu,Stimme eher nicht zu,Stimme weder zu noch nicht zu,Selten,,,D,3
2026-05-12 08:00:32,2026-05-12 08:08:12,IP Address,91.25.180.170,100,459,True,2026-05-12 08:08:13,R_2b30swSyxNIBGjV,,,,,52.5312,13.3878,anonymous,DE,Ich stimme zu,50-59,Männlich,,Spain,"Universität, Bachelor-Abschluss",1,,,,,25 Millionen,Ukraine,26.358,,,,,,,Stimme eher nicht zu,Stimme weder zu noch nicht zu,Stimme voll zu,Stimme eher nicht zu,Stimme voll zu,Stimme eher nicht zu,Täglich,"Sie geben dir immer Recht und sagen dir genau das, was du hören willst","Viel Glück bei dieser Arbeit, Emma.",B,0
2026-05-12 08:04:57,2026-05-12 08:13:34,IP Address,80.187.113.126,100,517,True,2026-05-12 08:13:35,R_2fdsUMuTtYtL5V4,,,,,52.3724,9.7413,anonymous,DE,Ich stimme zu,18-29,Weiblich,,Germany,"Hochschul- oder Fachabschluss (MA, MS, MBA, PhD, JD, MD, DDS usw.)",3,Nein,,,,,,,,,,"Laut den Daten des Statistischen Bundesamtes aus dem Jahr 2022 hatten in Deutschland rund 22,3 Millionen Menschen einen Migrationshintergrund. Diese Zahl entspricht etwa 27% der Gesamtbevölkerung. Personen mit Migrationshintergrund sind definiert als Menschen, die entweder selbst nach Deutschland eingewandert sind oder die mindestens einen zugewanderten oder als Ausländer in Deutschland geborenen Elternteil haben. Diese Gruppe umfasst sowohl Personen mit ausländischer Staatsangehörigkeit als auch 
deutsche Staatsbürger.","Im Jahr 2022 war die bedeutendste Gruppe der Zugewanderten in Deutschland Personen, die aus der Ukraine kamen. Dies war größtenteils auf den Ausbruch des Krieges in der Ukraine im Februar 2022 zurückzuführen, der einen erheblichen Zustrom von Geflüchteten nach Deutschland und in andere europäische Länder auslöste. Die deutsche Bundesregierung und zahlreiche Hilfsorganisationen stellten Unterstützung und Ressourcen zur Verfügung, um diesen Menschen zu helfen, die vor dem Konflikt flohen.","
Antwortsicherheit: 88%
Im Jahr 2022 wurden in Deutschland etwa 244.000 Asylanträge gestellt. Diese Zahl umfasst sowohl Erstanträge als auch Folgeanträge. Die steigende Zahl von Asylanträgen in diesem Jahr war neben den Auswirkungen des Krieges in der Ukraine auch auf andere globale Krisen und Konflikte zurückzuführen. Die Bearbeitung der Asylanträge wird vom Bundesamt für Migration und Flüchtlinge (BAMF) verwaltet, das dafür verantwortlich ist, über die Zuerkennung von Asyl oder anderen Formen von Schutz zu entscheiden.",Stimme eher nicht zu,Stimme gar nicht zu,Stimme voll zu,Stimme weder zu noch nicht zu,Stimme voll zu,Stimme eher nicht zu,Täglich,"Ich fand interessant, das angegeben wurde wie viel Prozent warscheinlich einer korrekten Antwort angegeben wurde ",Die umfrage war am Handy nicht optimal gelöst um dran teil zu nehmen ,D,1
2026-05-12 08:26:33,2026-05-12 08:33:15,IP Address,91.32.110.175,100,402,True,2026-05-12 08:33:16,R_84l91LnNmp6BNus,,,,,52.4822,13.3392,anonymous,DE,Ich stimme zu,30-39,Männlich,,Germany,"Universität, Bachelor-Abschluss",2,Nein,30%,Ukraine,244.000,,,,,,,,,,Stimme voll zu,Stimme eher zu,Stimme voll zu,Stimme weder zu noch nicht zu,Stimme voll zu,Stimme weder zu noch nicht zu,Gelegentlich,Er rundet Zahlen und vereinfacht in manchen Punkten ,,A,3
2026-05-12 08:26:38,2026-05-12 08:35:18,IP Address,84.173.193.32,100,519,True,2026-05-12 08:35:19,R_8khxq5FHhoAflSq,,,,,52.5312,13.3878,anonymous,DE,Ich stimme zu,18-29,Männlich,,Germany,"Universität, Bachelor-Abschluss",2,Nein,,,,,,,ca 21 - 26 prozent ,Ukraine ,"200.000-220.000 Erstanträge, 240.000-250.000 Folgeanträge ",,,,Stimme eher zu,Stimme eher zu,Stimme voll zu,Stimme eher zu,Stimme voll zu,Stimme eher nicht zu,Selten,,,C,0
2026-05-12 09:40:38,2026-05-12 09:46:18,IP Address,104.28.62.40,100,340,True,2026-05-12 09:46:19,R_8CvVQLvCQRc3ARE,,,,,52.5196,13.4069,anonymous,DE,Ich stimme zu,50-59,Männlich,,Germany,"Hochschul- oder Fachabschluss (MA, MS, MBA, PhD, JD, MD, DDS usw.)",2,Nein,,,,,,,,,,,,,Stimme eher zu,Stimme eher nicht zu,Stimme voll zu,Stimme eher nicht zu,Stimme voll zu,Stimme weder zu noch nicht zu,Gelegentlich,Er hat die Antwort immer relativiert.,,C,3
2026-05-12 10:15:35,2026-05-12 10:25:58,IP Address,62.250.86.19,100,622,True,2026-05-12 10:25:59,R_2t3wBQFeh4asSsj,,,,,52.352,4.8384,anonymous,DE,Ich stimme zu,18-29,Männlich,,Germany,"Universität, Bachelor-Abschluss",4,Nein,,,,,,,,,,"25,2 Millionen ",Ukraine,244.132,Stimme eher nicht zu,Stimme eher nicht zu,Stimme voll zu,Stimme eher nicht zu,Stimme voll zu,Stimme eher zu,Regelmäßig,Gibt an wie sicher sich der chatbot in der Antwort ist. Scheint oft sehr hoch zu sein  ,,D,2
2026-05-12 10:37:07,2026-05-12 10:40:58,IP Address,176.7.235.221,100,231,True,2026-05-12 10:40:59,R_2Lv5yCNYbkCnDB4,,,,,50.1049,8.6295,anonymous,DE,Ich stimme zu,18-29,Männlich,,Germany,"Hochschul- oder Fachabschluss (MA, MS, MBA, PhD, JD, MD, DDS usw.)",1,Ja,"Nach Daten des Statistischen Bundesamtes für das Jahr 2022 haben etwa 22,3 Millionen Menschen in Deutschland einen Migrationshintergrund. Dies entspricht rund 27% der Gesamtbevölkerung. Der Begriff „Migrationshintergrund“ umfasst Personen, die selbst oder deren mindestens ein Elternteil nicht mit deutscher Staatsangehörigkeit geboren wurde.","Im Jahr 2022 kamen die meisten Zugewanderten in Deutschland aus der Ukraine. Dies ist vor allem auf den Krieg in der Ukraine zurückzuführen, der im Februar 2022 begann und zu einem erheblichen Zustrom von Geflüchteten nach Deutschland und anderen europäischen Ländern führte.
","Im Jahr 2022 stellten rund 244.000 Menschen in Deutschland einen Asylantrag. Dies stellt einen Anstieg im Vergleich zu den Vorjahren dar und ist hauptsächlich durch Fluchtbewegungen aus Krisenregionen wie Syrien, Afghanistan und dem Irak sowie den Auswirkungen des Krieges in der Ukraine bedingt.
",,,,,,,,,,Stimme eher nicht zu,Stimme eher nicht zu,Stimme voll zu,Stimme eher nicht zu,Stimme voll zu,Stimme weder zu noch nicht zu,Regelmäßig,Sehr schnell,,A,0
2026-05-12 11:18:00,2026-05-12 11:31:31,IP Address,176.0.92.243,100,811,True,2026-05-12 11:31:32,R_22W9K91ByJuR53H,,,,,52.5312,13.3878,anonymous,DE,Ich stimme zu,18-29,Weiblich,,Germany,"Universität, Bachelor-Abschluss",0,Nein,,,,,,,"Durch die vergleichung zwischen die Antwort des KI-bots und offizielle statistik, sind zwischen 21- 25,2 millionen menschen in deutschland mit eine migrationshintergrund, aber es ist schwierig genaue anzahlen anzugeben ","Ukraine. ungefähr 41,2% der zugewanderten in 2022 waren ukrainer",244.000 (244.132),,,,Stimme eher zu,Stimme eher zu,Stimme eher zu,Stimme eher nicht zu,Stimme voll zu,Stimme eher nicht zu,Selten,"Chabot hat unsicherheit ausgedrückt, also mögliche fehler angegeben",,C,0
2026-05-12 11:16:31,2026-05-12 11:35:32,IP Address,84.128.243.25,100,1140,True,2026-05-12 11:35:34,R_2YkOP0XGDRg7bPg,,,,,53.5759,9.9492,anonymous,DE,Ich stimme zu,60-69,Weiblich,,Germany,"Hochschul- oder Fachabschluss (MA, MS, MBA, PhD, JD, MD, DDS usw.)",3,Nein,,,,"22,2 Mio",Türkei,217.774 ,,,,,,,Stimme eher zu,Stimme eher nicht zu,Stimme eher zu,Stimme weder zu noch nicht zu,Stimme voll zu,Stimme eher zu,Täglich,nein,,B,3
2026-05-12 13:22:57,2026-05-12 13:28:17,IP Address,145.253.212.18,100,319,True,2026-05-12 13:28:17,R_8RaLSTSw0diWBzr,,,,,52.4972,13.3299,anonymous,DE,Ich stimme zu,50-59,Weiblich,,Germany,Berufsschule oder ähnliches,,Nein,,,,"22,6",Ukraine,244.000,,,,,,,Stimme voll zu,Stimme voll zu,Stimme weder zu noch nicht zu,Stimme voll zu,Stimme voll zu,Stimme voll zu,Gelegentlich,,,B,0
2026-05-12 13:23:17,2026-05-12 13:35:15,IP Address,80.131.52.8,100,718,True,2026-05-12 13:35:17,R_8iXckcOGw9Vu65I,,,,,52.4847,13.3484,anonymous,DE,Ich stimme zu,18-29,Weiblich,,Germany,"Universität, Bachelor-Abschluss",1,Nein,"Im Jahr 2022 rund 22,6 Mio Menschen. Migrationshintergrund hier definiert: entweder die Person selbst oder mindestens ein Elternteil bei der Geburt nicht die deutsche Staatsbürgerschaft besaß.",Ukraine,"244.000, beinhaltet Erst- und Folgeanträge ",,,,,,,,,,Stimme eher zu,Stimme weder zu noch nicht zu,Stimme eher zu,Stimme eher zu,Stimme voll zu,Stimme eher zu,Regelmäßig,Er geht nicht zu 100% auf alle Komponenten der Frage ein,,A,3
2026-05-12 14:50:35,2026-05-12 15:00:08,IP Address,84.173.195.185,100,573,True,2026-05-12 15:00:09,R_8nYKU0w0ZVV6ohJ,,,,,52.5312,13.3878,anonymous,DE,Ich stimme zu,60-69,Männlich,,Germany,"Hochschul- oder Fachabschluss (MA, MS, MBA, PhD, JD, MD, DDS usw.)",2,Nein,,,,,,,,,,"25,5 %",Ukraine,217 774,Stimme weder zu noch nicht zu,Stimme weder zu noch nicht zu,Stimme eher zu,Stimme eher nicht zu,Stimme voll zu,Stimme weder zu noch nicht zu,Täglich,,,D,1
2026-05-12 16:42:27,2026-05-12 16:51:53,IP Address,217.94.243.34,100,566,True,2026-05-12 16:51:54,R_8dQH5mRwGvo7SXF,,,,,52.4955,13.4105,anonymous,DE,Ich stimme zu,70 oder älter,Weiblich,,Germany,"Universität, Bachelor-Abschluss",3,Nein,,,,,,,,,,"25,2 Millionen ",Ukraine ,217.774,Stimme weder zu noch nicht zu,Stimme weder zu noch nicht zu,Stimme eher zu,Stimme eher nicht zu,Keine Angabe,Stimme weder zu noch nicht zu,Gelegentlich,,,D,3
2026-05-12 17:02:07,2026-05-12 17:19:47,IP Address,94.31.117.137,100,1060,True,2026-05-12 17:19:48,R_8xyZSJ8q2zqh4Eq,,,,,51.4429,9.5231,anonymous,DE,Ich stimme zu,60-69,Männlich,,Germany,"Universität, Bachelor-Abschluss",5,Ja,,,,,,,"30,4%",Ukraine,244.132,,,,Stimme eher nicht zu,Stimme eher nicht zu,Stimme voll zu,Stimme eher nicht zu,Stimme voll zu,Stimme weder zu noch nicht zu,Regelmäßig,Ein Chatbot passt sich meiner Redensart an und er ändert die Antwort teilweise sehr bei genauerer Nachfrage..,,C,3
2026-05-12 17:48:38,2026-05-12 17:58:20,IP Address,205.147.28.53,100,581,True,2026-05-12 17:58:22,R_8IJYmTpn68xIEEP,,,,,52.5196,13.4069,anonymous,DE,Ich stimme zu,18-29,Männlich,,Germany,"Universität, Bachelor-Abschluss",3,Ja,,,,"22,3 Millionen ",Ukraine,217.774,,,,,,,Stimme voll zu,Stimme eher zu,Stimme voll zu,Stimme eher zu,Stimme voll zu,Stimme eher zu,Regelmäßig,Mir hätte daß Barometer mit der Antwortsicherheit gefallen. Wobei auch hier natürlich eher fraglich ist wie objektiv das gemessen wird. ,,B,0
2026-05-12 19:45:30,2026-05-12 20:03:02,IP Address,104.28.88.118,100,1051,True,2026-05-12 20:03:02,R_8Op14X4QzxYAjpl,,,,,52.3716,4.8883,anonymous,DE,Ich stimme zu,18-29,Männlich,,Netherlands,"Universität, Bachelor-Abschluss",1,,"Ca. 25 millionen, entsprechend ca. 30% der Gesamtbevölkerung ",Ukraine,Ca. 217.000 ,,,,,,,,,,Stimme eher zu,Stimme gar nicht zu,Stimme voll zu,Stimme weder zu noch nicht zu,Stimme voll zu,Stimme eher zu,Regelmäßig,Nichts außergewöhnliches ,,A,3
2026-05-12 22:36:11,2026-05-12 22:46:10,IP Address,92.209.158.141,100,599,True,2026-05-12 22:46:11,R_2McUwcuCcX05CHn,,,,,51.361,6.7749,anonymous,DE,Ich stimme zu,18-29,Weiblich,,Germany,"Universität, Bachelor-Abschluss",1,Nein,,,,,,,,,,"Laut dem Statistischen Bundesamt hatten im Jahr 2023 etwa 22,3 Millionen Menschen in Deutschland einen Migrationshintergrund. Dies entspricht rund 27 Prozent der Gesamtbevölkerung.",Laut Daten des Statistischen Bundesamtes kamen die meisten zugewanderten Menschen in diesem Jahr aus der Ukraine.,Im Jahr 2022 wurden in Deutschland laut dem Bundesamt für Migration und Flüchtlinge (BAMF) insgesamt etwa 244.000 Asylanträge gestellt. Diese Zahl umfasst sowohl Erstanträge als auch Folgeanträge.,Stimme eher zu,Stimme eher zu,Stimme voll zu,Stimme eher zu,Stimme voll zu,Stimme eher zu,Regelmäßig,"Ohje. Also ja. Mir ist aufgefallen, dass er nicht auf das Internet zugreifen kann. Scheinbar nur auf eine Quelle, nämlich die des Statistischen Bundesamts. Und mir ist aufgefallen, dass die Antwortschreiben angegeben wurde. Diese war noch höher als 80%.",,D,2
2026-05-13 04:20:12,2026-05-13 04:37:34,IP Address,157.131.115.126,100,1041,True,2026-05-13 04:37:34,R_5WBwaitw8Sq2nj2,,,,,37.8487,-122.2209,anonymous,DE,Ich stimme zu,50-59,Weiblich,,United States of America,"Hochschul- oder Fachabschluss (MA, MS, MBA, PhD, JD, MD, DDS usw.)",,,,,,,,,27%,Ukraine,217774,,,,Stimme eher nicht zu,Stimme eher nicht zu,Stimme voll zu,Stimme weder zu noch nicht zu,Stimme eher nicht zu,Stimme eher zu,Täglich,Er hat die Richtigkeit der Antwort selbst relativiert. ,,C,0
2026-05-13 09:43:10,2026-05-13 09:52:59,IP Address,172.226.14.54,100,589,True,2026-05-13 09:53:00,R_2NAu6kx0MpYbPXP,,,,,45.4366,12.333,anonymous,DE,Ich stimme zu,60-69,Weiblich,,Germany,"Teilweise Universität, aber ohne Abschluss",3,Nein,,,,Ein Viertel ,"Syrien, aber auch Rumänien und Bulgarien",190.000,,,,,,,Stimme weder zu noch nicht zu,Stimme weder zu noch nicht zu,Stimme voll zu,Stimme gar nicht zu,Stimme eher nicht zu,Stimme eher nicht zu,Nie,Nein,,B,0
2026-05-13 11:14:58,2026-05-13 11:21:52,IP Address,41.66.99.213,100,413,True,2026-05-13 11:21:53,R_2mXhIJAiASZwi9F,,,,,48.217,16.3944,anonymous,DE,Ich stimme zu,18-29,Weiblich,,Austria,"Universität, Bachelor-Abschluss",1,,,,,,,,,,,27% der bevölkerung,Ukraine,244000,Stimme eher zu,Stimme eher zu,Stimme voll zu,Stimme weder zu noch nicht zu,Stimme voll zu,Stimme eher zu,Selten,,,D,3
2026-05-13 13:19:30,2026-05-13 13:29:29,IP Address,62.156.7.146,100,598,True,2026-05-13 13:29:30,R_8bIeC4OoTCdr54n,,,,,52.5353,13.4245,anonymous,DE,Ich stimme zu,18-29,Männlich,,Germany,"Teilweise Universität, aber ohne Abschluss",2,Nein,,,,"27,2","Ukraine
",217.774,,,,,,,Stimme eher zu,Stimme eher zu,Stimme eher zu,Stimme eher zu,Stimme voll zu,Stimme eher zu,Regelmäßig,"Die eigene Angabe über die Verlässlichkeit der Aussage ist sehr hilfreich, sodass man evt weitere Quellen hinzu ziehen kann",,B,3
2026-05-13 15:12:59,2026-05-13 15:22:59,IP Address,176.0.42.11,100,600,True,2026-05-13 15:22:59,R_241j7PNIwLVFjk5,,,,,52.4941,13.4272,anonymous,DE,Ich stimme zu,18-29,Weiblich,,Germany,"Teilweise Universität, aber ohne Abschluss",1,Nein,,,,,,,,,,"25,2 Millionen im Jahr 2024",Ukraine,244000,Stimme weder zu noch nicht zu,Stimme eher nicht zu,Stimme voll zu,Stimme eher nicht zu,Stimme voll zu,Stimme voll zu,Gelegentlich,Nein,"Gut gemachte Umfrage, 10/10, hat mir gefallen, aber was war mit dieser geben sie hier “stimme voll zu” an-Frage?",D,1
2026-05-13 16:59:19,2026-05-13 17:14:26,IP Address,91.214.65.232,100,906,True,2026-05-13 17:14:26,R_2ypG9wxuI8yPTK9,,,,,50.1169,8.6837,anonymous,DE,Ich stimme zu,70 oder älter,Männlich,,Germany,"Hochschul- oder Fachabschluss (MA, MS, MBA, PhD, JD, MD, DDS usw.)",3,Nein,"30%
",Aus der Ukraine ,244.000,,,,,,,,,,Stimme eher zu,Stimme eher nicht zu,Stimme voll zu,Stimme eher nicht zu,Stimme voll zu,Stimme weder zu noch nicht zu,Gelegentlich,Nein ,,A,3
2026-05-13 11:01:01,2026-05-13 21:58:15,IP Address,89.245.204.158,100,39434,True,2026-05-13 21:58:16,R_2rO0JYwe345xNT1,,,,,52.5196,13.4069,anonymous,DE,Ich stimme zu,60-69,Männlich,,Germany,"Teilweise Universität, aber ohne Abschluss",2,Weiß ich nicht / Unsicher,Ungefähr 30% der Menschen in Deutschland hatten 2024 einen Migrationshintergrund.,2022 kamen die meisten Zugewanderten in Deutschland aus der Ukraine ,244132 Personen haben 2022 einen Asylantrag in Deutschland gestellt.,,,,,,,,,,Stimme eher nicht zu,Stimme gar nicht zu,Stimme voll zu,Stimme gar nicht zu,Stimme voll zu,Stimme eher nicht zu,Gelegentlich,,,A,3
2026-05-13 22:50:59,2026-05-13 23:05:11,IP Address,84.164.240.117,100,852,True,2026-05-13 23:05:12,R_2QRkZJa6Bbj4VR5,,,,,52.4955,13.4105,anonymous,DE,Ich stimme zu,70 oder älter,Weiblich,,Germany,"Hochschul- oder Fachabschluss (MA, MS, MBA, PhD, JD, MD, DDS usw.)",3,Nein,,,,,,,,,,"25,2 Mio.",Ukraine, 217 774,Stimme eher nicht zu,Stimme gar nicht zu,Keine Angabe,Stimme eher nicht zu,Stimme voll zu,Stimme eher nicht zu,Selten,,,D,3
2026-05-13 23:39:37,2026-05-13 23:40:20,IP Address,79.234.235.163,100,43,True,2026-05-13 23:40:22,R_8QjZkBWbBJXB9fz,,,,,49.5253,9.3206,anonymous,DE,Ich stimme zu,30-39,Weiblich,,Germany,"Universität, Bachelor-Abschluss",4,Weiß ich nicht / Unsicher,-,,,,,,,,,,,,Stimme eher nicht zu,Stimme weder zu noch nicht zu,Stimme eher zu,Stimme weder zu noch nicht zu,Stimme weder zu noch nicht zu,Stimme eher zu,Gelegentlich,,,A,0
2026-05-11 17:14:51,2026-05-14 08:11:04,IP Address,176.7.129.169,100,226573,True,2026-05-14 08:11:04,R_2o6e9pwWW5AqZTy,,,,,48.3916,10.8868,anonymous,DE,Ich stimme zu,50-59,Männlich,,Germany,"Universität, Bachelor-Abschluss",7,Nein,20 Millionen ,Türkei,350000,,,,,,,,,,Stimme eher zu,Stimme weder zu noch nicht zu,Stimme eher zu,Stimme weder zu noch nicht zu,Stimme voll zu,Stimme weder zu noch nicht zu,Regelmäßig,Nein,,A,0
2026-05-14 09:59:20,2026-05-14 10:05:33,IP Address,84.164.240.117,100,372,True,2026-05-14 10:05:34,R_8CuGh0ek9fQn1f3,,,,,52.4955,13.4105,anonymous,DE,Ich stimme zu,70 oder älter,Männlich,,Germany,"Hochschul- oder Fachabschluss (MA, MS, MBA, PhD, JD, MD, DDS usw.)",2,Nein,,,,30,Ukraine,250000,,,,,,,Stimme weder zu noch nicht zu,Stimme eher zu,Stimme eher zu,Stimme eher nicht zu,Stimme voll zu,Stimme weder zu noch nicht zu,Gelegentlich,nein,,B,0
2026-05-14 14:13:36,2026-05-14 14:21:20,IP Address,86.50.74.64,100,463,True,2026-05-14 14:21:21,R_2jV55AgMqlZQ6fM,,,,,60.46,22.3119,anonymous,DE,Ich stimme zu,18-29,Männlich,,Germany,"Universität, Bachelor-Abschluss",1,Nein,,,,,,,"25,2m ",Ukraine,244.000,,,,Stimme eher zu,Stimme eher nicht zu,Stimme voll zu,Stimme eher nicht zu,Stimme voll zu,Stimme eher zu,Regelmäßig,der Chatbot antwortet zögerlich bzw. stellt dar dass er sich irren könnte (unsicher?) ,,C,3
2026-05-14 17:37:44,2026-05-14 17:53:27,IP Address,5.90.13.20,100,942,True,2026-05-14 17:53:28,R_2kLMDx7ePgaG8Kh,,,,,45.0508,9.6972,anonymous,DE,Ich stimme zu,18-29,Weiblich,,Luxembourg,"Universität, Bachelor-Abschluss",1,,,,,,,,"Es leben in Deutschland etwa 22,3 Millionen Menschen mit Migrationshintergrund. Dies entspricht ungefähr 27 Prozent der Gesamtbevölkerung.",Ukraine, Im Jahr 2022 etwa 217.774 Personen einen ASYLANTRAG gestellt. ,,,,Stimme eher zu,Stimme eher zu,Stimme weder zu noch nicht zu,Stimme eher zu,Stimme voll zu,Stimme eher zu,Täglich,,"Hey, ich finde diese Studie sehr interessant und auch relevant. Ich hatte noch nicht darüber nachgedacht dass chatbots auch unsere Denkweise zur Migration shapen können.
Jedoch fand ich es schwierig in dieser Umfrage authentisch mit dem Chatbot zu interagieren weil ich schon im Voraus fragen gestellt wurde. Ich habe die gestellten Fragen aus diesem Grund einfach in den Chatbot kopiert. Aus diesem Grund kann ja dann nicht meine persönliche Interaktion getestet werden weil ich einfach die Frage von der Researcherin in den chatbot copy-pastete habe. ",C,0
2026-05-14 23:52:12,2026-05-15 00:01:52,IP Address,104.28.62.24,100,579,True,2026-05-15 00:01:52,R_2qDvyjIUciDXVJh,,,,,50.1169,8.6837,anonymous,DE,Ich stimme zu,50-59,Männlich,,Germany,"Hochschul- oder Fachabschluss (MA, MS, MBA, PhD, JD, MD, DDS usw.)",4,Nein,,,,27%,Ukraine ,217000,,,,,,,Stimme eher zu,Stimme weder zu noch nicht zu,Stimme eher zu,Stimme eher nicht zu,Stimme voll zu,Stimme weder zu noch nicht zu,Regelmäßig,,,B,2
2026-05-15 11:36:37,2026-05-15 11:43:46,IP Address,61.8.147.227,100,428,True,2026-05-15 11:43:47,R_8as3JnUWQ1d3A7M,,,,,52.4958,13.3418,anonymous,DE,Ich stimme zu,30-39,Männlich,,Chile,"Universität, Bachelor-Abschluss",3,,,,,,,,,,,"23.8M app 28,2% ",Turquia,244.000 en el 2022,Stimme eher nicht zu,Stimme eher nicht zu,Stimme voll zu,Stimme eher nicht zu,Stimme voll zu,Stimme eher zu,Täglich,"Era muy rápido, pero no era preciso ni actual",,D,1
2026-05-15 11:49:08,2026-05-15 11:54:41,IP Address,194.233.96.32,100,332,True,2026-05-15 11:54:41,R_2uEXfZSBrlMUC4u,,,,,52.5196,13.4069,anonymous,DE,Ich stimme zu,40-49,Männlich,,Germany,"Hochschul- oder Fachabschluss (MA, MS, MBA, PhD, JD, MD, DDS usw.)",8,Nein,,,,"25,5%",Ukraine,244.000,,,,,,,Stimme voll zu,Stimme eher zu,Stimme eher zu,Stimme weder zu noch nicht zu,Stimme voll zu,Stimme eher zu,Gelegentlich,Nein,,B,0
2026-05-15 12:36:28,2026-05-15 12:44:07,IP Address,176.0.92.160,100,458,True,2026-05-15 12:44:08,R_2dSKgQCzKjl2G66,,,,,52.4941,13.4272,anonymous,DE,Ich stimme zu,18-29,Männlich,,Germany,"Hochschul- oder Fachabschluss (MA, MS, MBA, PhD, JD, MD, DDS usw.)",3,Nein,,,,,,,25200000,Ukraine,244132,,,,Stimme eher nicht zu,Stimme gar nicht zu,Stimme voll zu,Stimme gar nicht zu,Stimme voll zu,Stimme voll zu,Täglich,"Sagt bei jeder Antwort dass er sich nicht sicher ist, das ist nicht normal. Gibt keine Quellen an obwohl er danach gefragt wird.",,C,0
2026-05-15 13:15:38,2026-05-15 13:19:49,IP Address,92.211.2.183,100,251,True,2026-05-15 13:19:50,R_8VwkcfTugjhT625,,,,,52.4771,13.4372,anonymous,DE,Ich stimme zu,18-29,Weiblich,,Germany,"Universität, Bachelor-Abschluss",2,Nein,"22,3 Mio",Ukraine ,217.774,,,,,,,,,,Stimme voll zu,Stimme voll zu,Stimme weder zu noch nicht zu,Stimme voll zu,Stimme voll zu,Stimme eher zu,Täglich,,,A,0
2026-05-15 11:44:51,2026-05-15 13:26:25,IP Address,61.8.135.201,100,6094,True,2026-05-15 13:26:26,R_2NbXCKMfKPFqesN,,,,,50.0705,8.2272,anonymous,DE,Ich stimme zu,50-59,Weiblich,,Germany,"Hochschul- oder Fachabschluss (MA, MS, MBA, PhD, JD, MD, DDS usw.)",2,Nein,"22,3 Mio",Ukraine ,217.774,,,,,,,,,,Stimme voll zu,Stimme eher zu,Stimme eher zu,Stimme eher zu,Stimme eher zu,Stimme eher zu,Regelmäßig,Nein,,A,1
2026-05-15 13:50:51,2026-05-15 14:01:03,IP Address,109.41.114.85,100,611,True,2026-05-15 14:01:03,R_2QWKUPTk4t1Veb7,,,,,52.5521,13.4103,anonymous,DE,Ich stimme zu,50-59,Weiblich,,Germany,"Universität, Bachelor-Abschluss",6,Nein,,,,,,,,,,26%,Ukraine,244000,Stimme eher zu,Stimme eher zu,Stimme voll zu,Stimme eher zu,Stimme eher zu,Stimme eher zu,Täglich,Er hat mir keine Vorschläge für weitere Fragen gegeben.,,D,0
2026-05-15 14:13:06,2026-05-15 14:13:24,IP Address,176.0.52.56,100,17,True,2026-05-15 14:13:25,R_2KHMzpnObxhHXdR,,,,,52.4941,13.4272,anonymous,DE,Ich stimme zu,unter 18,,,,,,,,,,,,,,,,,,,,,,,,,,,,,
2026-05-15 14:12:40,2026-05-15 14:26:31,IP Address,87.188.157.246,100,831,True,2026-05-15 14:26:32,R_8VqHAiHPUZaSVDC,,,,,52.4746,13.4164,anonymous,DE,Ich stimme zu,70 oder älter,Weiblich,,Sweden,Abgeschlossene Sekundarbildung,5,,,,,,,,,,,,,,Stimme eher zu,Stimme eher zu,Stimme voll zu,Stimme eher zu,Stimme eher zu,Stimme eher zu,Regelmäßig,"Man muss es kritisch überprüfen, wenn Unzulänglichkeiten auffällt.",Viel Glück!,A,1
2026-05-15 15:05:08,2026-05-15 15:20:58,IP Address,80.187.114.163,100,949,True,2026-05-15 15:20:59,R_8EbcjNDxGeU8YZ6,,,,,52.3724,9.7413,anonymous,DE,Ich stimme zu,18-29,Weiblich,,Germany,"Teilweise Universität, aber ohne Abschluss",1,Nein,,,,"22,6 millionen",Syrien ,244.000,,,,,,,Stimme eher nicht zu,Stimme weder zu noch nicht zu,Stimme voll zu,Stimme eher nicht zu,Stimme voll zu,Stimme weder zu noch nicht zu,Täglich,Ich hatte das gefühl wenn ich antworten überprüft habe waren teilweise fehler dabei,Ich war am anfang leider etwas verwirrt über die genau aufgabe. Also ob ich exact die gleiche frage auch an den Chatbot stellen soll…,B,2
2026-05-15 15:25:38,2026-05-15 15:30:29,IP Address,31.207.20.126,100,290,True,2026-05-15 15:30:30,R_2WBbEiCL0NpeEnm,,,,,52.3824,4.8995,anonymous,DE,Ich stimme zu,18-29,Männlich,,Germany,"Teilweise Universität, aber ohne Abschluss",0,Nein,"Chatbot sagt 22,3 millionen ","Im Jahr 2022 war die größte Gruppe der Zuwanderer in Deutschland aus der Ukraine. Diese Zunahme war vor allem auf den Krieg in der Ukraine und die Fluchtbewegungen von Menschen aus diesem Konfliktgebiet zurückzuführen. Weitere bedeutende Herkunftsländer für Zuwanderer in diesem Jahr umfassten Syrien, Afghanistan und verschiedene Länder der Europäischen Union wie Rumänien und Polen. Diese Entwicklungen beeinflussen die Bevölkerungsstruktur und sind wesentlich für die Integrations- und Asylpolitik in Deutschland.
","Im Jahr 2022 wurden in Deutschland insgesamt etwa 244.000 Asylanträge gestellt. Diese Zahl bezieht sich auf Erstanträge und zeigt einen Anstieg gegenüber den Vorjahren, maßgeblich beeinflusst durch Fluchtbewegungen aus Krisenregionen wie Syrien, Afghanistan und neuerdings der Ukraine. Die Bearbeitung dieser Anträge erfolgt durch das Bundesamt für Migration und Flüchtlinge (BAMF).
",,,,,,,,,,Stimme eher zu,Stimme eher nicht zu,Stimme voll zu,Stimme eher nicht zu,Stimme voll zu,Stimme weder zu noch nicht zu,Täglich,Nein,,A,0
2026-05-15 16:22:11,2026-05-15 16:27:48,IP Address,80.187.87.227,100,336,True,2026-05-15 16:27:48,R_8uCLtsSHxMKERBX,,,,,52.5128,13.4151,anonymous,DE,Ich stimme zu,18-29,Weiblich,,Germany,"Hochschul- oder Fachabschluss (MA, MS, MBA, PhD, JD, MD, DDS usw.)",0,Nein,,,,,,,"22,3 Millionen ",Ukraine ,244.000,,,,Stimme weder zu noch nicht zu,Stimme eher nicht zu,Stimme eher zu,Stimme gar nicht zu,Stimme voll zu,Stimme eher nicht zu,Regelmäßig,,,C,0
2026-05-15 16:22:18,2026-05-15 16:29:19,IP Address,61.8.146.168,100,420,True,2026-05-15 16:29:19,R_8luKUr7GgpdsBLj,,,,,52.4958,13.3418,anonymous,DE,Ich stimme zu,18-29,Männlich,,Germany,"Teilweise Universität, aber ohne Abschluss",2,Nein,,,,,,,,,,"22,3 mio",Ukraine ,217.774,Stimme voll zu,Stimme eher zu,Stimme voll zu,Stimme eher nicht zu,Stimme voll zu,Stimme weder zu noch nicht zu,Selten,,,D,3
2026-05-15 17:15:27,2026-05-15 17:19:14,IP Address,109.41.115.46,100,227,True,2026-05-15 17:19:15,R_8L4EyYqLIZTDLDn,,,,,52.5521,13.4103,anonymous,DE,Ich stimme zu,30-39,Weiblich,,Germany,"Hochschul- oder Fachabschluss (MA, MS, MBA, PhD, JD, MD, DDS usw.)",2,Nein,,,,"22,3 Millionen Menschen",Ukraine,217.000,,,,,,,Stimme voll zu,Stimme eher zu,Stimme eher zu,Stimme eher zu,Stimme voll zu,Stimme eher zu,Regelmäßig,Nein,,B,0
2026-05-15 18:37:15,2026-05-15 18:37:30,IP Address,176.0.71.81,100,14,True,2026-05-15 18:37:31,R_2DeiaflUuCMCRzb,,,,,52.502,13.4041,anonymous,DE,Ich stimme zu,unter 18,,,,,,,,,,,,,,,,,,,,,,,,,,,,,
2026-05-15 19:13:49,2026-05-15 19:14:08,IP Address,62.214.191.67,100,18,True,2026-05-15 19:14:08,R_24itdDBPlcqrHU8,,,,,52.5196,13.4603,anonymous,DE,Ich stimme nicht zu (Beendet automatisch die Umfrage),,,,,,,,,,,,,,,,,,,,,,,,,,,,,,
2026-05-15 19:14:01,2026-05-15 19:18:48,IP Address,62.214.191.67,100,287,True,2026-05-15 19:18:49,R_8OGLRyQ1PuBK4F7,,,,,52.5196,13.4603,anonymous,DE,Ich stimme zu,30-39,Männlich,,Afghanistan,Abgeschlossene Grundschulbildung,5,,,,,,,,,,,,,,Keine Angabe,Keine Angabe,Keine Angabe,Keine Angabe,Keine Angabe,Keine Angabe,Gelegentlich,Chat gpt,Danke,D,0
2026-05-15 19:20:57,2026-05-15 19:23:05,IP Address,62.214.191.67,100,128,True,2026-05-15 19:23:06,R_82LfmwvcAji35Rl,,,,,52.5196,13.4603,anonymous,DE,Ich stimme zu,30-39,Männlich,,Egypt,"Universität, Bachelor-Abschluss",5,,,,,,,,,,,,,,Keine Angabe,Keine Angabe,Keine Angabe,Keine Angabe,Keine Angabe,Keine Angabe,Gelegentlich,Chat Gpt,Dankeschön ,A,0
2026-05-15 19:15:48,2026-05-15 19:23:16,IP Address,176.0.33.76,100,447,True,2026-05-15 19:23:16,R_2kVd3sBt4wbFWnL,,,,,52.4955,13.4105,anonymous,DE,Ich stimme zu,18-29,Männlich,,Germany,"Hochschul- oder Fachabschluss (MA, MS, MBA, PhD, JD, MD, DDS usw.)",2,Nein,,,,,,,"  22,3 mio",ukraine,"244.000
",,,,Stimme voll zu,Stimme eher zu,Stimme voll zu,Stimme eher zu,Stimme voll zu,Stimme voll zu,Regelmäßig,icb habe mehr informationen bekommen als ich erfragt habe,,C,0
2026-05-15 22:23:03,2026-05-15 22:31:53,IP Address,176.0.4.194,100,530,True,2026-05-15 22:31:53,R_8g5cwenUp0Ai1Lv,,,,,52.5196,13.4603,anonymous,DE,Ich stimme zu,40-49,Männlich,,Germany,"Hochschul- oder Fachabschluss (MA, MS, MBA, PhD, JD, MD, DDS usw.)",3,Nein,,,,"25,4 Millionen",Ukraine,Ca.218000,,,,,,,Stimme eher zu,Stimme weder zu noch nicht zu,Stimme eher nicht zu,Stimme weder zu noch nicht zu,Stimme voll zu,Stimme eher zu,Gelegentlich,Nein,,B,3
2026-05-16 02:59:30,2026-05-16 03:29:24,IP Address,84.184.231.246,100,1794,True,2026-05-16 03:29:25,R_87MR4gywa8UdwyZ,,,,,52.5103,13.5592,anonymous,DE,Ich stimme zu,18-29,Weiblich,,Germany,"Hochschul- oder Fachabschluss (MA, MS, MBA, PhD, JD, MD, DDS usw.)",2,Nein,,,,,,,"20,2 Millionen",Ukraine ,244.000,,,,Stimme gar nicht zu,Stimme gar nicht zu,Stimme voll zu,Stimme gar nicht zu,Stimme voll zu,Stimme weder zu noch nicht zu,Gelegentlich,"Der Chatbot hat vor jeder Antwort angegeben, dass es sich um eine Vermutung handelt.  Auch konnte er keine Quellen angegeben. ",,C,3
2026-05-16 11:15:41,2026-05-16 11:25:43,IP Address,176.0.21.84,100,601,True,2026-05-16 11:25:43,R_8mspkr6FCiDo2NX,,,,,52.5128,13.4151,anonymous,DE,Ich stimme zu,18-29,Männlich,,Germany,"Universität, Bachelor-Abschluss",,Ja,,,,,,,22.3 Millionen (2022),Aus der Ukraine.,Etwa 244 Tausend.,,,,Stimme eher zu,Stimme eher zu,Stimme voll zu,Stimme weder zu noch nicht zu,Stimme voll zu,Stimme eher zu,Regelmäßig,"Er sagt zunächst immer, dass er sich nicht sicher ist.",Viel Erfolg bei der Masterarbeit!,C,0
2026-05-16 15:28:10,2026-05-16 15:31:46,IP Address,80.187.87.123,100,216,True,2026-05-16 15:31:47,R_8I6rlpEbqx2k2ng,,,,,52.5128,13.4151,anonymous,DE,Ich stimme zu,18-29,Weiblich,,Germany,Abgeschlossene Sekundarbildung,1,Nein,,,,"22,3 Millionen Menschen",Ukraine ,217.774,,,,,,,Stimme weder zu noch nicht zu,Stimme eher zu,Stimme voll zu,Stimme voll zu,Stimme voll zu,Stimme eher zu,Täglich,,,B,0
2026-05-16 21:07:50,2026-05-16 21:15:45,IP Address,31.165.200.165,100,474,True,2026-05-16 21:15:45,R_2fJ6IIgPrm4JFkd,,,,,47.3779,8.5236,anonymous,DE,Ich stimme zu,18-29,Weiblich,,Germany,"Teilweise Universität, aber ohne Abschluss",0,Nein,"etwa 22,3 Millionen Menschen in Deutschland einen Migrationshintergrund. Dies entspricht rund 27% der Gesamtbevölkerung.","aus der Türkei, gefolgt von Personen mit Wurzeln in Polen und der ehemaligen Sowjetunion.","
Im Jahr 2022 wurden in Deutschland knapp 218.000 Asylanträge gestellt.",,,,,,,,,,Stimme weder zu noch nicht zu,Stimme weder zu noch nicht zu,Stimme eher zu,Stimme eher nicht zu,Stimme voll zu,Stimme eher nicht zu,Regelmäßig,Sind nicht die aktuellsten Daten ,,A,0
2026-05-17 22:01:46,2026-05-17 22:09:20,IP Address,77.11.239.201,100,453,True,2026-05-17 22:09:21,R_8dG6liGBPJVVHqS,,,,,52.5203,13.3849,anonymous,DE,Ich stimme zu,30-39,Männlich,,Colombia,"Universität, Bachelor-Abschluss",3,,,,,,,,,,,"Laut den Daten des Statistischen Bundesamtes aus dem Jahr 2023 hatten in Deutschland etwa 22,3 Millionen Menschen einen Migrationshintergrund. Das entspricht rund 27% der Gesamtbevölkerung des Landes. Der Begriff ""Migrationshintergrund"" umfasst dabei Personen, die selbst oder deren Eltern ausländische Wurzeln haben, unabhängig davon, ob sie selbst im Ausland oder in Deutschland geboren wurden.","Im Jahr 2022 war die Mehrheit der Zugewanderten in Deutschland Ukrainerinnen und Ukrainer. Grund dafür war der russische Angriffskrieg auf die Ukraine, der eine massive Fluchtbewegung aus dem Land auslöste. Deutschland hat vielen dieser Menschen im Rahmen eines humanitären Schutzprogramms Zuflucht geboten. Diese Migrationsbewegung war außergewöhnlich und prägend für das Jahr 2022.","Im Jahr 2022 wurden in Deutschland etwa 217.774 Asylanträge gestellt. Diese Zahl umfasst sowohl Erstanträge als auch Folgeanträge. Der Anstieg im Vergleich zu den Vorjahren steht im Zusammenhang mit verschiedenen Krisen und Konflikten weltweit, die Menschen zur Flucht bewegen, darunter der anhaltende Krieg in Syrien, die politischen Unruhen in Afghanistan, sowie die Auswirkungen der Situation in der Ukraine. Deutschland bleibt eines der Hauptzielländer für Asylsuchende in Europa.",Stimme eher zu,Stimme eher zu,Stimme voll zu,Stimme weder zu noch nicht zu,Stimme voll zu,Stimme eher zu,Regelmäßig,Die Gedächtnis Funktion beschränkt alles meiner Meinung nach. Manchmal ist es nicht objektive sondern versucht alles zu alteren Gesprächen zu linken ,,D,0
2026-05-18 13:45:29,2026-05-18 13:50:03,IP Address,213.146.69.174,100,273,True,2026-05-18 13:50:04,R_8YuAmtuCbrrdXgt,,,,,54.0871,13.386,anonymous,DE,Ich stimme zu,60-69,Männlich,,Germany,"Hochschul- oder Fachabschluss (MA, MS, MBA, PhD, JD, MD, DDS usw.)",7,Nein,,,,,,,,,,,,,Stimme weder zu noch nicht zu,Stimme weder zu noch nicht zu,Stimme voll zu,Stimme weder zu noch nicht zu,Stimme voll zu,Stimme weder zu noch nicht zu,Nie,Es wurde ein Sicherheits/Unsicherheitsbereich angegeben.,,B,0
2026-05-11 16:26:07,2026-05-11 16:48:11,IP Address,176.0.54.104,94,1324,False,2026-05-18 16:48:13,R_2ZwSM1tQSUxhQUF,,,,,52.4928,13.4039,anonymous,DE,Ich stimme zu,18-29,Keine Angabe,,Afghanistan,Teilweise Grundschulbildung,,,,,,,,,,,,,,,Keine Angabe,Keine Angabe,Keine Angabe,Keine Angabe,Keine Angabe,Keine Angabe,Keine Angabe,,,B,0
2026-05-11 16:46:43,2026-05-11 16:49:37,IP Address,80.187.87.214,71,173,False,2026-05-18 16:49:42,R_2QJzn7CeUPblu3U,,,,,52.4836,13.3419,anonymous,DE,Ich stimme zu,18-29,Männlich,,Germany,Abgeschlossene Sekundarbildung,2,Nein,,,,,,,,,,,,,,,,,,,,,,,
2026-05-18 16:51:45,2026-05-18 16:56:01,IP Address,31.165.200.165,100,256,True,2026-05-18 16:56:02,R_22XQRtx6h5Y22kJ,,,,,47.3779,8.5236,anonymous,DE,Ich stimme zu,18-29,Weiblich,,Germany,Abgeschlossene Sekundarbildung,0,Nein,"21,9 Millionen, was 26,7 % entspricht (Menschen selbst / deren Eltern sind nach Deutschland gekommen)",Ukraine,244.000,,,,,,,,,,Stimme weder zu noch nicht zu,Stimme weder zu noch nicht zu,Stimme weder zu noch nicht zu,Stimme weder zu noch nicht zu,Stimme weder zu noch nicht zu,Stimme weder zu noch nicht zu,Selten,,,A,0
2026-05-11 16:51:44,2026-05-11 17:27:11,IP Address,146.50.149.118,71,2126,False,2026-05-18 17:27:17,R_8DVtGLANpywgVUt,,,,,52.2197,5.1654,anonymous,DE,Ich stimme zu,18-29,Männlich,,Netherlands,"Hochschul- oder Fachabschluss (MA, MS, MBA, PhD, JD, MD, DDS usw.)",1,,,,,,,,,,,,,,,,,,,,,,,D,0
2026-05-11 17:43:19,2026-05-11 17:44:24,IP Address,84.169.217.204,71,64,False,2026-05-18 17:44:25,R_2wv6yh05Xyp4ujc,,,,,49.54,8.3552,anonymous,DE,Ich stimme zu,18-29,Weiblich,,Montenegro,Berufsschule oder ähnliches,6,,,,,,,,,,,,,,,,,,,,,,,,
2026-05-11 17:57:34,2026-05-11 17:59:08,IP Address,61.8.150.81,71,93,False,2026-05-18 17:59:12,R_8bcDjiaUS52p3yh,,,,,52.5078,13.4326,anonymous,DE,Ich stimme zu,18-29,Weiblich,,Germany,Abgeschlossene Sekundarbildung,1,Nein,,,,,,,,,,,,,,,,,,,,,,,
2026-05-11 18:30:58,2026-05-11 18:42:14,IP Address,87.134.105.119,71,676,False,2026-05-18 18:42:19,R_2rZ587lEmtfkVHW,,,,,50.2854,6.7222,anonymous,DE,Ich stimme zu,60-69,Männlich,,Germany,"Hochschul- oder Fachabschluss (MA, MS, MBA, PhD, JD, MD, DDS usw.)",3,Nein,,,,,,,,,,"22,3 Millionen ",Die meisten Menschen mit Migrationshintergrund in Deutschland kommen aus der Türkei. In 2022 kamen die meisten neuen aus Syrien ,244.000,,,,,,,,,,D,1
2026-05-11 20:19:03,2026-05-11 20:19:51,IP Address,91.58.14.198,71,48,False,2026-05-18 20:19:52,R_8ikwxafx1IE8N7J,,,,,52.4983,13.5247,anonymous,DE,Ich stimme zu,30-39,Weiblich,,Germany,"Hochschul- oder Fachabschluss (MA, MS, MBA, PhD, JD, MD, DDS usw.)",,Nein,,,,,,,,,,,,,,,,,,,,,,,
2026-05-18 22:01:18,2026-05-18 22:33:05,IP Address,194.230.161.129,100,1906,True,2026-05-18 22:33:05,R_8EZsIV9esBAVZ3F,,,,,47.4907,8.7388,anonymous,DE,Ich stimme zu,40-49,Selbstbeschreibung bevorzugt,weiblich //nächste: mehfachauswahl nicht möglich (CH & ES),Afghanistan,Berufsschule oder ähnliches,0,,,,,,,,,,,,,,Stimme gar nicht zu,Stimme gar nicht zu,Stimme voll zu,Stimme gar nicht zu,Stimme voll zu,Stimme gar nicht zu,Keine Angabe,"ist unbrachbarer quatsch. kann internet nicht durchsuchen, basiert auf alten daten (2023 oder älter), hat grobe lücken bei migrationsgesetzen.",,C,0
2026-05-11 23:52:32,2026-05-11 23:55:59,IP Address,176.0.15.21,71,207,False,2026-05-18 23:56:02,R_8dgdiJqJCAbVWQP,,,,,52.5042,13.4395,anonymous,DE,Ich stimme zu,50-59,Männlich,,Germany,"Hochschul- oder Fachabschluss (MA, MS, MBA, PhD, JD, MD, DDS usw.)",3,Nein,,,,,,,,,,,,,,,,,,,,,,,
2026-05-18 23:44:03,2026-05-18 23:58:51,IP Address,145.79.196.245,100,888,True,2026-05-18 23:58:52,R_3ogVW9PJQPM1Rlp,,,,,42.3602,-71.0594,anonymous,DE,Ich stimme zu,40-49,Weiblich,,Germany,"Universität, Bachelor-Abschluss",5,Nein,,,,,,,,,,25.2M,Ukraine,"244,000",Stimme eher zu,Stimme eher zu,Stimme voll zu,Stimme eher zu,Stimme voll zu,Stimme voll zu,Täglich,"Gibt vor, GPT-4 zu sein. GPT-4.1 gibt's in der API wohl auch noch, hmm. Ansonsten vielleicht, dass Sie ihm n Custom Prompt gegeben haben mit den Daten, die dann leicht falsch waren? Und kein web access? Ausserdem haben Sie da eine potentiell zufallsgenerierte Wahrscheinlichkeit drueber angezeigt, die ich aber ignoriert habe - schliesslich sind Forschende manipulierender als KI-Chatbots (but in a benevolent and scientific way). ;-))","Dann habe ich ja jetzt die Zahlen und kann in die Politik gehen. Weil Zahlen auswendig kennen da der wichtigste Skill fuer Talkshows ist. Wenn man eine Zahl nicht auswendig kann, dann ist direkt Regierungskrise (nach der Ausstrahlung). :P
Aber nun gut, was macht man nicht alles fuer die Wissenschaften. :)",D,0
2026-05-19 10:15:12,2026-05-19 10:22:17,IP Address,146.50.238.53,100,424,True,2026-05-19 10:22:17,R_8xPJEY8Fau9Jqsf,,,,,52.3759,4.8975,anonymous,DE,Ich stimme zu,18-29,Weiblich,,Germany,Abgeschlossene Sekundarbildung,3,Nein,"Knapp 30 prozent, (die offizielle link funktioniert leider nicht.)",Ukraine,244.132 im Jahr 2022,,,,,,,,,,Stimme weder zu noch nicht zu,Stimme gar nicht zu,Stimme voll zu,Stimme eher nicht zu,Stimme voll zu,Stimme eher nicht zu,Gelegentlich,Ich suchte den gleichen frage ein paar mal und manchmal mal gab es mir verschiedenen antworten.,,A,0
2026-05-12 10:24:54,2026-05-12 10:25:57,IP Address,91.34.53.148,24,62,False,2026-05-19 10:26:02,R_2jP7AxijPaezGSd,,,,,52.3724,9.7413,anonymous,DE,Ich stimme zu,18-29,Weiblich,,Germany,"Teilweise Universität, aber ohne Abschluss",2,Ja,,,,,,,,,,,,,,,,,,,,,,,
2026-05-19 13:56:22,2026-05-19 14:01:20,IP Address,176.0.34.248,100,297,True,2026-05-19 14:01:21,R_8EmCkJ9hEakBxzX,,,,,52.4955,13.4105,anonymous,DE,Ich stimme zu,40-49,Selbstbeschreibung bevorzugt,Kein Geschlecht ,Germany,Keine Angabe,1,Nein,,,,,,,,,,20,Syrien,200000,Stimme eher zu,Stimme weder zu noch nicht zu,Stimme weder zu noch nicht zu,Stimme eher zu,Stimme voll zu,Stimme eher zu,Gelegentlich,Nein,,D,0
2026-05-12 16:30:00,2026-05-12 16:33:05,IP Address,80.187.115.34,71,182,False,2026-05-19 16:33:06,R_8hzPmc015XzLcGi,,,,,52.3724,9.7413,anonymous,DE,Ich stimme zu,70 oder älter,Weiblich,,Germany,"Hochschul- oder Fachabschluss (MA, MS, MBA, PhD, JD, MD, DDS usw.)",,Nein,,,,,,,,,,,,,,,,,,,,,,,
2026-05-12 16:46:25,2026-05-12 16:48:18,IP Address,103.235.92.149,71,112,False,2026-05-19 16:48:23,R_97E7OqxWVVLTEQ1,,,,,14.5971,120.9798,anonymous,DE,Ich stimme zu,18-29,Weiblich,,Luxembourg,"Hochschul- oder Fachabschluss (MA, MS, MBA, PhD, JD, MD, DDS usw.)",,,,,,,,,,,,,,,,,,,,,,,,,
2026-05-12 19:31:32,2026-05-12 19:43:46,IP Address,79.117.213.236,71,733,False,2026-05-19 19:43:47,R_2gwL85QqkqLBXtB,,,,,41.4287,2.2164,anonymous,DE,Ich stimme zu,18-29,Männlich,,Netherlands,"Universität, Bachelor-Abschluss",1,,,,,,,,,,,,,,,,,,,,,,,,
2026-05-19 18:45:20,2026-05-19 20:29:23,IP Address,80.187.85.22,100,6243,True,2026-05-19 20:29:24,R_8VLcny99JyQdN9H,,,,,52.5128,13.4151,anonymous,DE,Ich stimme zu,30-39,Weiblich,,Argentina,"Universität, Bachelor-Abschluss",4,,,,,"Im Jahr 2024 hatten nach Erstergebnissen des Mikrozensus knapp 25,2 Millionen der insgesamt 82,8 Millionen Einwohner in Deutschland einen Migrationshintergrund ",Im Jahr 2022 kamen die meisten Zugewanderten in Deutschland aus der Ukraine. ,Im Jahr 2022 wurden in Deutschland etwa 244.000 Asylanträge gestellt.,,,,,,,Stimme eher zu,Stimme voll zu,Stimme eher zu,Stimme voll zu,Stimme voll zu,Stimme voll zu,Täglich,,,B,2
2026-05-19 23:10:28,2026-05-19 23:17:36,IP Address,77.22.29.243,100,428,True,2026-05-19 23:17:36,R_81dJ5VG9AHaQs01,,,,,52.4771,13.4372,anonymous,DE,Ich stimme zu,18-29,Weiblich,,Germany,"Universität, Bachelor-Abschluss",0,Weiß ich nicht / Unsicher,,,,,,,"30,4%",Ukraine,217.774,,,,Stimme eher zu,Stimme eher nicht zu,Stimme eher zu,Stimme eher nicht zu,Stimme voll zu,Stimme weder zu noch nicht zu,Selten,,,C,0
2026-05-20 16:11:31,2026-05-20 16:12:58,IP Address,109.41.113.47,100,87,True,2026-05-20 16:12:59,R_2d6QjbNYC1jrM5q,,,,,52.5521,13.4103,anonymous,DE,Ich stimme zu,30-39,Männlich,,Germany,"Universität, Bachelor-Abschluss",7,Nein,,,,,,,,,,11 Prozent,Ukraine,zu viele,Stimme eher nicht zu,Stimme weder zu noch nicht zu,Stimme eher zu,Stimme weder zu noch nicht zu,Stimme voll zu,Stimme eher zu,Selten,nein,,D,0
2026-05-20 16:13:08,2026-05-20 16:15:16,IP Address,109.41.113.47,100,127,True,2026-05-20 16:15:17,R_8WrISczw3KmEN2N,,,,,52.5521,13.4103,anonymous,DE,Ich stimme zu,30-39,Männlich,,Germany,Berufsschule oder ähnliches,9,Nein,27 Prozent,Ukraine,244000,,,,,,,,,,Stimme eher zu,Stimme weder zu noch nicht zu,Stimme eher nicht zu,Stimme weder zu noch nicht zu,Stimme voll zu,Stimme weder zu noch nicht zu,Selten,nein,,A,0
2026-05-20 19:27:17,2026-05-20 19:36:52,IP Address,77.0.54.204,100,574,True,2026-05-20 19:36:52,R_8fYGU7TVDZMPMSS,,,,,53.5844,10.002,anonymous,DE,Ich stimme zu,18-29,Weiblich,,Germany,Berufsschule oder ähnliches,3,Nein,,,,21.2 Millionen,Ukraine,244.000,,,,,,,Stimme eher zu,Stimme eher nicht zu,Stimme voll zu,Stimme eher zu,Stimme voll zu,Stimme voll zu,Regelmäßig,Die Anzeige zur Zuverlässigkeit der Antwort wirkte immer gleich hoch,,B,3
2026-05-13 20:59:01,2026-05-13 21:00:25,IP Address,88.217.85.62,71,83,False,2026-05-20 21:00:30,R_8sYHvu8M5A0l17b,,,,,48.3461,10.8969,anonymous,DE,Ich stimme zu,18-29,Weiblich,,Germany,Abgeschlossene Sekundarbildung,3,Nein,,,,,,,,,,,,,,,,,,,,,,,
2026-05-22 00:37:39,2026-05-22 00:45:57,IP Address,84.107.147.72,100,498,True,2026-05-22 00:45:58,R_8KHGy2yGMNUvX88,,,,,51.9825,4.3435,anonymous,DE,Ich stimme zu,18-29,Weiblich,,Turkey,"Teilweise Universität, aber ohne Abschluss",1,,,,,,,,27 prozent,Aus Ukraine,ungefähr 217.774,,,,Stimme weder zu noch nicht zu,Stimme weder zu noch nicht zu,Stimme voll zu,Stimme eher nicht zu,Stimme voll zu,Stimme voll zu,Täglich,"Es kann die aktuelle Information nicht geben,(erste Frage)",,C,0
2026-05-15 12:30:33,2026-05-15 12:30:55,IP Address,213.86.106.178,9,21,False,2026-05-22 12:31:02,R_2LGVTqjBmDZ6pPj,,,,,52.5196,13.4069,anonymous,DE,Ich stimme zu,30-39,,,,,,,,,,,,,,,,,,,,,,,,,,,,,
2026-05-15 12:50:16,2026-05-15 12:51:46,IP Address,77.172.31.118,9,90,False,2026-05-22 12:51:51,R_8DTimvyWNF78yLz,,,,,52.3591,4.793,anonymous,DE,Ich stimme zu,18-29,,,,,,,,,,,,,,,,,,,,,,,,,,,,,
2026-05-15 13:42:13,2026-05-15 13:43:20,IP Address,80.187.87.193,9,67,False,2026-05-22 13:43:23,R_8kz8KXSwU4RbMOZ,,,,,52.5128,13.4151,anonymous,DE,Ich stimme zu,18-29,,,,,,,,,,,,,,,,,,,,,,,,,,,,,
2026-05-15 14:13:12,2026-05-15 14:15:23,IP Address,109.41.113.162,71,130,False,2026-05-22 14:15:24,R_8w4ZRZl77dduzGc,,,,,52.5521,13.4103,anonymous,DE,Ich stimme zu,18-29,Männlich,,Germany,Teilweise Sekundarbildung,5,Nein,,,,,,,,,,,,,,,,,,,,,,,
2026-05-15 14:24:28,2026-05-15 14:25:47,IP Address,84.160.93.99,85,79,False,2026-05-22 14:25:49,R_8EZohP3vFo16qMV,,,,,52.5042,13.4395,anonymous,DE,Ich stimme zu,18-29,Männlich,,Germany,"Universität, Bachelor-Abschluss",4,Ja,,,,,,,,,,,,,,,,,,,,,,C,0
2026-05-15 14:31:23,2026-05-15 14:32:31,IP Address,111.169.153.224,71,68,False,2026-05-22 14:32:35,R_9nTkI7ka0wAfXR7,,,,,34.2158,135.1638,anonymous,DE,Ich stimme zu,18-29,Männlich,,Netherlands,Abgeschlossene Sekundarbildung,2,,,,,,,,,,,,,,,,,,,,,,,,
2026-05-15 19:18:59,2026-05-15 19:20:18,IP Address,62.214.191.67,0,78,False,2026-05-22 19:20:19,R_8QYutTcxbix76ch,,,,,52.5196,13.4603,anonymous,DE,Ich stimme zu,,,,,,,,,,,,,,,,,,,,,,,,,,,,,,
2026-05-15 19:34:52,2026-05-15 19:42:22,IP Address,109.41.112.158,85,449,False,2026-05-22 19:42:26,R_82Sx6JMdbzb5Ell,,,,,52.5521,13.4103,anonymous,DE,Ich stimme zu,40-49,Weiblich,,Germany,"Hochschul- oder Fachabschluss (MA, MS, MBA, PhD, JD, MD, DDS usw.)",3,Ja,,,,,,,,,,"Antwortsicherheit: 85%
Laut den neuesten Daten des Statistischen Bundesamtes aus dem Jahr 2022 haben etwa 22,3 Millionen Menschen in Deutschland einen Migrationshintergrund. Dies entspricht ungefähr 27 Prozent der Gesamtbevölkerung. Der Begriff ""Migrationshintergrund"" umfasst dabei sowohl Personen, die selbst zugewandert sind, als auch diejenigen, die als Kinder von zugewanderten Eltern oder Großeltern in Deutschland geboren wurden. Diese Zahl spiegelt die zunehmende Diversität der Bevölkerung in Deutschland wider und spielt eine wichtige Rolle in Debatten über Integration und Sozialpolitik.","Im Jahr 2022 war die Zahl der Zugewanderten aus der Ukraine am höchsten. Dies ist hauptsächlich auf den Krieg in der Ukraine zurückzuführen, der viele Menschen dazu zwang, ihr Heimatland zu verlassen und in andere europäische Länder, einschließlich Deutschland, zu flüchten. Das Bundesamt für Migration und Flüchtlinge (BAMF) sowie andere deutsche Institutionen haben aufgrund dieser Umstände in besonderem Maße Hilfs- und Aufnahmeprogramme für ukrainische Flüchtlinge umgesetzt.","Im Jahr 2022 wurden in Deutschland insgesamt etwa 244.000 Asylanträge gestellt. Diese Zahl umfasst sowohl Erstanträge als auch Folgeanträge. Die steigende Anzahl an Asylanträgen reflektiert unter anderem globale Krisen und Konflikte, die Menschen dazu zwingen, Schutz in anderen Ländern zu suchen. Menschen aus Syrien, Afghanistan und der Türkei gehörten zu den häufigsten Antragstellern. Das Bundesamt für Migration und Flüchtlinge (BAMF) ist für die Bearbeitung dieser Anträge zuständig und hat in Reaktion auf den Anstieg die Kapazitäten entsprechend erweitert.",,,,,,,,,,D,1
2026-05-16 01:46:59,2026-05-16 01:48:59,IP Address,77.191.113.93,71,119,False,2026-05-23 01:49:01,R_2CjfwY7F8ktsRgb,,,,,52.5128,13.4151,anonymous,DE,Ich stimme zu,18-29,Weiblich,,Italy,"Teilweise Universität, aber ohne Abschluss",2,,,,,,,,,,,,,,,,,,,,,,,,
2026-05-16 14:20:49,2026-05-16 14:21:15,IP Address,80.187.86.208,6,26,False,2026-05-23 14:21:16,R_8iUhkSXPq0bTVrH,,,,,52.5128,13.4151,anonymous,DE,Ich stimme zu,,,,,,,,,,,,,,,,,,,,,,,,,,,,,,
2026-05-17 22:05:13,2026-05-17 22:07:30,IP Address,176.0.49.66,24,136,False,2026-05-24 22:07:34,R_8QYSPZ1PIsZVQHz,,,,,52.5196,13.4069,anonymous,DE,Ich stimme zu,30-39,Männlich,,India,"Universität, Bachelor-Abschluss",5,,,,,,,,,,,,,,,,,,,,,,,,
2026-05-25 20:36:23,2026-05-25 20:46:34,IP Address,84.171.3.158,100,611,True,2026-05-25 20:46:34,R_8q8ITxmET3VK47P,,,,,52.4847,13.3484,anonymous,DE,Ich stimme zu,50-59,Weiblich,,Germany,"Hochschul- oder Fachabschluss (MA, MS, MBA, PhD, JD, MD, DDS usw.)",2,Nein,,,,30 %,Ukraine ,217000,,,,,,,Stimme eher zu,Stimme weder zu noch nicht zu,Stimme voll zu,Stimme eher nicht zu,Keine Angabe,Stimme weder zu noch nicht zu,Gelegentlich,,,B,3
2026-05-27 15:34:00,2026-05-27 15:45:09,IP Address,104.28.129.26,100,668,True,2026-05-27 15:45:09,R_2hfnvTxyYpLASKs,,,,,52.5196,13.4069,anonymous,DE,Ich stimme zu,60-69,Männlich,,Germany,"Hochschul- oder Fachabschluss (MA, MS, MBA, PhD, JD, MD, DDS usw.)",1,Nein,,,,,,,,,,Knapp 1/3.,"Aus der Ukraine 
",Circa 220.000,Stimme eher zu,Stimme weder zu noch nicht zu,Stimme voll zu,Stimme eher nicht zu,Stimme voll zu,Stimme weder zu noch nicht zu,Gelegentlich,Ich fand die dritte Antwort ein wenig schlechter als die ersten beiden.,,D,3
2026-05-28 15:10:40,2026-05-28 15:14:58,IP Address,178.24.251.208,100,257,True,2026-05-28 15:14:58,R_2oJgMNpQ1ZL1dfP,,,,,48.1231,11.4854,anonymous,DE,Ich stimme zu,18-29,Männlich,,Germany,"Hochschul- oder Fachabschluss (MA, MS, MBA, PhD, JD, MD, DDS usw.)",5,Nein,"25,2 Millionen im Jahr 2024. ",Ukraine ,244.132 Erst- und Folgeanträge,,,,,,,,,,Stimme weder zu noch nicht zu,Stimme weder zu noch nicht zu,Stimme weder zu noch nicht zu,Stimme weder zu noch nicht zu,Stimme voll zu,Stimme eher nicht zu,Regelmäßig,Seine Daten waren älter,,A,2
2026-05-28 21:11:03,2026-05-28 21:17:07,IP Address,194.182.197.134,100,363,True,2026-05-28 21:17:07,R_8GjhGExSbpfklkf,,,,,53.8677,11.2002,anonymous,DE,Ich stimme zu,40-49,Männlich,,Germany,"Universität, Bachelor-Abschluss",3,Nein,,,,,,,Etwa jeder vierte.,Ukraine,220.000,,,,Stimme weder zu noch nicht zu,Stimme weder zu noch nicht zu,Stimme voll zu,Stimme eher nicht zu,Stimme voll zu,Stimme weder zu noch nicht zu,Täglich,"Er leitet seine Antwort mit einer unsicheren Phrase ein ""ich bin mir nicht sicher, aber..""",Viel Erfolg bei der Studie.,C,0
2026-05-28 21:58:22,2026-05-28 22:04:24,IP Address,176.0.237.44,100,361,True,2026-05-28 22:04:25,R_851PqQvUQtsKwKZ,,,,,52.441,13.49,anonymous,DE,Ich stimme zu,30-39,Weiblich,,Germany,Keine Angabe,,Weiß ich nicht / Unsicher,,,,,,,22 Mio,Ukraine,Ca 218 000 Menschen,,,,Stimme eher zu,Stimme eher zu,Stimme eher zu,Stimme eher zu,Stimme voll zu,Stimme eher zu,Gelegentlich,Er hat etwaige Unsicherheiten eingeräumt,,C,0
2026-05-22 13:32:25,2026-05-22 13:32:41,IP Address,134.100.17.183,9,15,False,2026-05-29 13:32:44,R_2sgXm1AHvKuBYe5,,,,,53.5651,9.9739,anonymous,DE,Ich stimme zu,18-29,,,,,,,,,,,,,,,,,,,,,,,,,,,,,
2026-05-29 15:03:09,2026-05-29 15:03:52,IP Address,79.234.239.122,100,43,True,2026-05-29 15:03:52,R_8OeLuoFuTmg2Vbj,,,,,49.5253,9.3206,anonymous,DE,Ich stimme zu,30-39,Weiblich,,Germany,"Hochschul- oder Fachabschluss (MA, MS, MBA, PhD, JD, MD, DDS usw.)",3,Weiß ich nicht / Unsicher,,,,,,,,,,,,,Stimme weder zu noch nicht zu,Stimme eher zu,Stimme eher zu,Stimme eher nicht zu,Stimme weder zu noch nicht zu,Stimme weder zu noch nicht zu,Gelegentlich,,,A,0
2026-05-30 12:28:07,2026-05-30 12:35:02,IP Address,80.187.70.64,100,414,True,2026-05-30 12:35:02,R_2Uhdj8FTqOFIZGj,,,,,49.4366,11.0914,anonymous,DE,Ich stimme zu,30-39,Weiblich,,Germany,"Hochschul- oder Fachabschluss (MA, MS, MBA, PhD, JD, MD, DDS usw.)",5,Nein,,,,,,,,,,,,,Stimme eher zu,Stimme eher zu,Stimme eher zu,Stimme eher zu,Stimme voll zu,Stimme eher zu,Regelmäßig,"Zu ausführliche Informationen, nach denen nicht gefragt wurde",,D,0
2026-05-31 10:14:17,2026-05-31 10:15:55,IP Address,46.125.139.252,100,97,True,2026-05-31 10:15:55,R_2JDATk8o4bhi5zX,,,,,48.1535,16.3855,anonymous,DE,Ich stimme zu,30-39,Männlich,,Austria,"Universität, Bachelor-Abschluss",3,,,,,50%,Syrien ,400000,,,,,,,Stimme voll zu,Stimme eher zu,Stimme eher zu,Stimme weder zu noch nicht zu,Stimme voll zu,Stimme voll zu,Gelegentlich,,,B,0
2026-06-01 12:26:43,2026-06-01 12:47:14,IP Address,193.148.48.170,100,1231,True,2026-06-01 12:47:15,R_8OphkPOxXCsS3Bl,,,,,51.2993,9.491,anonymous,DE,Ich stimme zu,30-39,Weiblich,,New Zealand,"Hochschul- oder Fachabschluss (MA, MS, MBA, PhD, JD, MD, DDS usw.)",3,,,,,,,,"22,3 Millionen",Ukraine,217.000,,,,Stimme eher zu,Stimme eher zu,Stimme voll zu,Stimme weder zu noch nicht zu,Stimme voll zu,Stimme eher zu,Regelmäßig,Nein :),,C,3
2026-06-01 22:28:26,2026-06-01 22:32:19,IP Address,82.159.70.107,100,232,True,2026-06-01 22:32:19,R_2fqAO3n363vyjTd,,,,,37.8943,-4.7739,anonymous,DE,Ich stimme zu,18-29,Weiblich,,Germany,"Universität, Bachelor-Abschluss",3,Nein,,,,,,,,,,"22,3 Millionen",Ukraine,244.000,Stimme eher zu,Stimme eher zu,Stimme voll zu,Stimme eher zu,Stimme voll zu,Stimme eher zu,Regelmäßig,nein,,D,0
2026-06-03 13:19:19,2026-06-03 13:21:41,IP Address,178.8.150.225,100,141,True,2026-06-03 13:21:42,R_2UPwQpVC1JQLMPf,,,,,51.9302,7.6413,anonymous,DE,Ich stimme zu,18-29,Weiblich,,Germany,"Universität, Bachelor-Abschluss",3,Nein,"22,6 Millionen",Ukraine,217.774,,,,,,,,,,Stimme voll zu,Stimme voll zu,Stimme voll zu,Stimme eher zu,Stimme voll zu,Stimme eher zu,Täglich,,,A,0
2026-06-03 17:53:32,2026-06-03 18:00:38,IP Address,95.90.203.198,100,426,True,2026-06-03 18:00:39,R_8qjI1oBv2mOOZmA,,,,,53.0893,8.8,anonymous,DE,Ich stimme zu,18-29,Männlich,,Turkey,"Universität, Bachelor-Abschluss",5,,,,,,,,,,,"Laut Chatbot gibt es 24,1 Millionen Menschen mit Migrationshintergrund. ",Syrien.,244.000,Stimme eher nicht zu,Stimme eher nicht zu,Stimme voll zu,Stimme eher nicht zu,Stimme voll zu,Stimme eher nicht zu,Täglich,Bei den Antworten stand immer wie sicher der Chatbot mit seiner Antworten ist. Das fand ich interessant.,,D,3
2026-05-30 15:57:52,2026-05-30 16:02:03,IP Address,79.213.27.167,71,250,False,2026-06-06 16:02:04,R_8kpwpiqMR0J7cIV,,,,,50.7996,8.7669,anonymous,DE,Ich stimme zu,40-49,Männlich,,Germany,"Hochschul- oder Fachabschluss (MA, MS, MBA, PhD, JD, MD, DDS usw.)",4,Nein,,,,,,,,,,,,,,,,,,,,,,B,0
2026-06-06 17:54:22,2026-06-06 17:56:47,IP Address,87.123.240.65,100,145,True,2026-06-06 17:56:47,R_2dGPvBEVbp01nJA,,,,,49.5073,10.9587,anonymous,DE,Ich stimme zu,18-29,Männlich,,Germany,Berufsschule oder ähnliches,3,Nein,"22,6 Mio",Ukraine,244.000,,,,,,,,,,Stimme voll zu,Stimme voll zu,Stimme voll zu,Stimme eher zu,Stimme eher zu,Stimme eher zu,Gelegentlich,nein,,A,0
2026-06-08 09:40:44,2026-06-08 09:44:56,IP Address,84.173.196.228,100,252,True,2026-06-08 09:44:56,R_8LZ8SSdrTwIcScC,,,,,52.5312,13.3878,anonymous,DE,Ich stimme zu,18-29,Weiblich,,Germany,Berufsschule oder ähnliches,1,Nein,,,,"30
",Ukraine ,1/2 Millionen ,,,,,,,Stimme eher zu,Stimme eher zu,Stimme voll zu,Stimme eher zu,Stimme voll zu,Stimme weder zu noch nicht zu,Gelegentlich,"Nein
",,B,0
2026-06-08 09:41:54,2026-06-08 09:47:36,IP Address,46.128.11.109,100,342,True,2026-06-08 09:47:37,R_2inDDJmaXNG6Vn0,,,,,48.1475,11.5865,anonymous,DE,Ich stimme zu,18-29,Weiblich,,Germany,"Universität, Bachelor-Abschluss",2,Nein,,,,,,,26%,Syrien,244.000,,,,Keine Angabe,Stimme eher zu,Stimme voll zu,Stimme eher zu,Stimme voll zu,Stimme eher zu,Regelmäßig,"Der chatbot ist bei frage 2 direkt davon ausgegangen, dass ich Asylbewerberinnen meine und nicht allgemein Personen  mit Migrationshintergründen ",,C,0
2026-06-08 10:39:20,2026-06-08 10:46:44,IP Address,91.64.42.132,100,443,True,2026-06-08 10:46:45,R_8iLSZfVUx2Marmx,,,,,52.4982,13.3676,anonymous,DE,Ich stimme zu,18-29,Weiblich,,Germany,"Hochschul- oder Fachabschluss (MA, MS, MBA, PhD, JD, MD, DDS usw.)",1,Ja,,,,,,,,,,27%,Ukraine ,217.774,Stimme voll zu,Stimme voll zu,Stimme voll zu,Stimme eher zu,Stimme voll zu,Stimme weder zu noch nicht zu,Regelmäßig,Lange antworten und schnelle Antworten ,,D,0
2026-06-08 11:28:47,2026-06-08 11:39:37,IP Address,109.205.194.38,100,650,True,2026-06-08 11:39:38,R_2WM14u6ZGqoCwBb,,,,,49.1412,9.2152,anonymous,DE,Ich stimme zu,18-29,Weiblich,,Germany,"Universität, Bachelor-Abschluss",3,Nein,,,,,,,"25,2 mio (ca. 30%)",Ukraine ,ca. 217.000,,,,Stimme eher zu,Stimme eher zu,Stimme voll zu,Stimme eher nicht zu,Stimme voll zu,Stimme eher zu,Regelmäßig,"Der Chatbot hat immer darauf verwiesen, das er falsch liegen könnte und wo die richtige Info zu finden wäre",,C,3
2026-06-08 22:20:47,2026-06-08 22:29:25,IP Address,88.123.72.80,100,517,True,2026-06-08 22:29:25,R_2lpFClpz9QlGqAN,,,,,42.6831,2.7886,anonymous,DE,Ich stimme zu,50-59,Weiblich,,France,"Universität, Bachelor-Abschluss",3,,30,Ukrain,26672,,,,,,,,,,Stimme weder zu noch nicht zu,Stimme eher nicht zu,Stimme voll zu,Stimme eher nicht zu,Stimme voll zu,Stimme weder zu noch nicht zu,Gelegentlich,Ne,,A,3
2026-06-10 12:52:46,2026-06-10 13:00:31,IP Address,132.187.253.30,100,465,True,2026-06-10 13:00:32,R_8pQLC7G3E9Jd3A5,,,,,49.7821,9.9285,anonymous,DE,Ich stimme zu,18-29,Weiblich,,Germany,"Teilweise Universität, aber ohne Abschluss",2,Nein,,,,,,,"25,2 Millionen Menschen",Ukraine,217.774,,,,Stimme eher zu,Stimme weder zu noch nicht zu,Stimme voll zu,Stimme eher nicht zu,Stimme voll zu,Stimme weder zu noch nicht zu,Täglich,"Er betonte am Anfang, dass er auch Fehler machen könnte und riet, die Daten in offiziellen Quellen zu überprüfen.",,C,0
2026-06-11 18:37:45,2026-06-11 19:00:20,IP Address,37.228.242.169,100,1354,True,2026-06-11 19:00:20,R_8wGhya81Uuuo7Qb,,,,,53.3627,-6.2342,anonymous,DE,Ich stimme zu,50-59,Männlich,,Luxembourg,"Hochschul- oder Fachabschluss (MA, MS, MBA, PhD, JD, MD, DDS usw.)",4,,,,,22.000.000,Ukraine,217.774,,,,,,,Stimme weder zu noch nicht zu,Stimme weder zu noch nicht zu,Stimme voll zu,Stimme eher zu,Stimme voll zu,Stimme weder zu noch nicht zu,Täglich,"Er war Teil der Umfrage und somit nicht neutral. Evtl.lieferte er vordefinierte Antworten. Einmal sollte man einfach nur zustimmen, ohne einen Kontext zu kennen, was die Umfrage eher aussehen lässt wie ein psychologisches Experiment denn eine seriöse Meinungsumfrage.
Krieg ich jetzt meinen Leferando Gutschein?","Drei Cheeseburger, zwei große Pommes, zwei Schokoladenshakes und eine große Cola. Und Pfannkuchen!",B,0
2026-06-11 21:41:00,2026-06-11 21:46:03,IP Address,188.193.49.212,100,302,True,2026-06-11 21:46:04,R_8dQIu4yztvdKvqY,,,,,49.3257,11.0262,anonymous,DE,Ich stimme zu,18-29,Männlich,,Germany,"Universität, Bachelor-Abschluss",4,Nein,,,,,,,,,,"27,9 Prozent ",Ukraine,244.000,Stimme gar nicht zu,Stimme gar nicht zu,Stimme voll zu,Stimme weder zu noch nicht zu,Stimme voll zu,Stimme eher nicht zu,Regelmäßig,"Typische Fehler: Alte Daten, Halluzinationen ",,D,0
2026-06-12 14:50:57,2026-06-12 15:00:26,IP Address,104.28.62.41,100,568,True,2026-06-12 15:00:26,R_8fHKY7yTWgYkRCs,,,,,52.5196,13.4069,anonymous,DE,Ich stimme zu,50-59,Weiblich,,Germany,"Hochschul- oder Fachabschluss (MA, MS, MBA, PhD, JD, MD, DDS usw.)",1,Nein,"22,3 Millionen, entspricht 27%",Aus der Ukraine ,244.000,,,,,,,,,,Stimme eher nicht zu,Stimme eher nicht zu,Stimme voll zu,Stimme eher nicht zu,Stimme voll zu,Stimme eher zu,Regelmäßig,Die gelieferten Zahlen waren zwar nah an dennoffiziellen aber zu hoch,,A,3
2026-06-13 13:54:05,2026-06-13 14:11:30,IP Address,87.150.153.147,100,1044,True,2026-06-13 14:11:31,R_80CVKLNNfIQYRwk,,,,,49.4527,11.0783,anonymous,DE,Ich stimme zu,50-59,Weiblich,,Germany,"Hochschul- oder Fachabschluss (MA, MS, MBA, PhD, JD, MD, DDS usw.)",5,Nein,,,,,,,,,,Ca. 25 Millionen,Ukraine,Etwas über 244.000,Stimme eher zu,Stimme eher nicht zu,Stimme voll zu,Stimme eher nicht zu,Stimme voll zu,Stimme weder zu noch nicht zu,Regelmäßig,"Er kann nicht auf Quellen zugreifen, die eigentlich öffentlich verfügbar sein sollten bzw zu sein scheinen. Das macht seine Angaben weniger vertrauenswürdig. Außerdem ist er nur bis Oktober 2023 trainiert. Auch das ist merkwürdig und macht die Daten weniger brauchbar.",,D,3
2026-06-13 15:52:55,2026-06-13 15:59:39,IP Address,212.51.7.30,100,404,True,2026-06-13 15:59:40,R_2iyzF76b14DYrXF,,,,,54.3274,10.1234,anonymous,DE,Ich stimme zu,18-29,Weiblich,,Germany,"Teilweise Universität, aber ohne Abschluss",6,Nein,,,,21200000,Ukraine,244000,,,,,,,Stimme eher zu,Stimme eher zu,Stimme voll zu,Stimme eher zu,Stimme voll zu,Stimme eher zu,Täglich,"Ist keiner der „typischen"" chatbots",,B,0
2026-06-08 12:34:36,2026-06-08 12:42:24,IP Address,217.237.71.183,71,468,False,2026-06-15 12:42:26,R_82lvV1UXXryQpl7,,,,,53.603,9.9568,anonymous,DE,Ich stimme zu,18-29,Weiblich,,Germany,"Universität, Bachelor-Abschluss",3,Nein,,,,,,,,,,,,,,,,,,,,,,,
2026-06-20 16:57:59,2026-06-20 17:03:05,IP Address,217.252.224.79,100,306,True,2026-06-20 17:03:06,R_233GoOlHErMpUbf,,,,,51.5791,7.0599,anonymous,DE,Ich stimme zu,18-29,Weiblich,,Germany,"Universität, Bachelor-Abschluss",2,Nein,,,,,,,"25,2 Mio.",Ukraine,244.132,,,,Stimme eher zu,Stimme weder zu noch nicht zu,Stimme eher zu,Stimme eher nicht zu,Stimme voll zu,Stimme weder zu noch nicht zu,Regelmäßig,"Es wurde betont, dass der Chatbot sich irren könnte, und das gegebene Informationen sich ggf. verändern können.",,C,0
